--
-- PostgreSQL database dump
--

-- Dumped from database version 14.5 (Debian 14.5-2.pgdg110+2)
-- Dumped by pg_dump version 14.5

SET statement_timeout = 0;
SET lock_timeout = 0;
SET idle_in_transaction_session_timeout = 0;
SET client_encoding = 'UTF8';
SET standard_conforming_strings = on;
SELECT pg_catalog.set_config('search_path', '', false);
SET check_function_bodies = false;
SET xmloption = content;
SET client_min_messages = warning;
SET row_security = off;

SET default_tablespace = '';

SET default_table_access_method = heap;

--
-- Name: Books; Type: TABLE; Schema: public; Owner: bookolog
--

CREATE TABLE public."Books" (
    "Guid" uuid NOT NULL,
    "Name" character varying(512) NOT NULL,
    "Authors" character varying(512)[],
    "Status" integer,
    "Tags" character varying(256)[],
    "DoneUnits" smallint,
    "TotalUnits" smallint,
    "Genre" character varying(256),
    "ModifyDate" timestamp with time zone,
    "Type" integer,
    "Note" text,
    "UserId" bigint NOT NULL,
    "CreateDate" timestamp with time zone,
    "EndDateDay" smallint,
    "EndDateMonth" smallint,
    "EndDateYear" smallint,
    "StartDateDay" smallint,
    "StartDateMonth" smallint,
    "StartDateYear" smallint,
    "Year" smallint,
    "DeleteDate" timestamp with time zone,
    "CollectionGuid" uuid,
    "CollectionOrder" real,
    "ProgressType" character varying(16),
    "RereadingBookGuid" uuid
);


ALTER TABLE public."Books" OWNER TO bookolog;

--
-- Name: Collections; Type: TABLE; Schema: public; Owner: bookolog
--

CREATE TABLE public."Collections" (
    "Guid" uuid NOT NULL,
    "Name" character varying(512) NOT NULL,
    "Description" character varying(2048),
    "ModifyDate" timestamp with time zone,
    "CreateDate" timestamp with time zone,
    "DeleteDate" timestamp with time zone,
    "CoverId" bigint,
    "UserId" bigint DEFAULT 0 NOT NULL
);


ALTER TABLE public."Collections" OWNER TO bookolog;

--
-- Name: Files; Type: TABLE; Schema: public; Owner: bookolog
--

CREATE TABLE public."Files" (
    "Id" bigint NOT NULL,
    "Name" text,
    "Path" text
);


ALTER TABLE public."Files" OWNER TO bookolog;

--
-- Name: Files_Id_seq; Type: SEQUENCE; Schema: public; Owner: bookolog
--

ALTER TABLE public."Files" ALTER COLUMN "Id" ADD GENERATED BY DEFAULT AS IDENTITY (
    SEQUENCE NAME public."Files_Id_seq"
    START WITH 1
    INCREMENT BY 1
    NO MINVALUE
    NO MAXVALUE
    CACHE 1
);


--
-- Name: Users; Type: TABLE; Schema: public; Owner: bookolog
--

CREATE TABLE public."Users" (
    "Id" bigint NOT NULL,
    "Login" character varying(128) NOT NULL,
    "Email" character varying(128) NOT NULL,
    "PasswordHash" character varying(256),
    "Salt" character varying(256),
    "AvatarId" bigint
);


ALTER TABLE public."Users" OWNER TO bookolog;

--
-- Name: Users_Id_seq; Type: SEQUENCE; Schema: public; Owner: bookolog
--

ALTER TABLE public."Users" ALTER COLUMN "Id" ADD GENERATED BY DEFAULT AS IDENTITY (
    SEQUENCE NAME public."Users_Id_seq"
    START WITH 1
    INCREMENT BY 1
    NO MINVALUE
    NO MAXVALUE
    CACHE 1
);


--
-- Name: __EFMigrationsHistory; Type: TABLE; Schema: public; Owner: bookolog
--

CREATE TABLE public."__EFMigrationsHistory" (
    "MigrationId" character varying(150) NOT NULL,
    "ProductVersion" character varying(32) NOT NULL
);


ALTER TABLE public."__EFMigrationsHistory" OWNER TO bookolog;

--
-- Data for Name: Books; Type: TABLE DATA; Schema: public; Owner: bookolog
--

COPY public."Books" ("Guid", "Name", "Authors", "Status", "Tags", "DoneUnits", "TotalUnits", "Genre", "ModifyDate", "Type", "Note", "UserId", "CreateDate", "EndDateDay", "EndDateMonth", "EndDateYear", "StartDateDay", "StartDateMonth", "StartDateYear", "Year", "DeleteDate", "CollectionGuid", "CollectionOrder", "ProgressType", "RereadingBookGuid") FROM stdin;
026edc75-86f5-46a2-b0c3-607d2aa5f5a9	Чужой	{"Дин Алан Фостер"}	2	{"Научная фантастика",ксеноморфы,космос,пришельцы}	\N	\N	Ужасы	1970-01-01 05:00:00+00	2	null	2	1970-01-01 05:00:00+00	17	8	2020	6	8	2020	\N	\N	\N	\N	null	\N
02fee583-c55f-4554-8f27-07230918e1a7	Город пустых. Побег из дома странных детей	{"Ренсом Риггз"}	2	{магия,"перемещение во времени"}	\N	\N	Фантастика	2021-01-16 13:21:48+00	1	null	2	1970-01-01 05:00:00+00	7	\N	2020	\N	\N	\N	\N	\N	d9bd7f71-4d18-4a77-b9be-1fcc0e1e9c73	2	null	\N
03631cd4-9433-4e96-9d46-26d900c18b29	Ар-Деко	{"Андрей Круз","Мария Круз"}	2	{Мафия,"боевая фантастика",Криминал,Ар-Деко}	698	756	Фантастика	2021-01-16 13:59:23+00	2	null	2	1970-01-01 05:00:00+00	21	9	2020	16	9	2020	2020	\N	0f23501f-9d97-4ca6-9308-eb977ff434e4	1	null	\N
038fdaa7-e854-43b1-b5f3-e54d58701d0f	Психопаты	{"Антон Павлович Чехов"}	2	{}	\N	\N		2020-10-16 12:13:46+00	0	null	2	1970-01-01 05:00:00+00	\N	\N	2014	\N	\N	\N	\N	\N	\N	\N	null	\N
04daf5e2-0191-48f9-9b58-510f6530349d	Чужой: Холодная кузница	{"Алекс Уайт"}	2	{"Научная фантастика",ксеноморфы,космос,пришельцы}	\N	\N	Ужасы	1970-01-01 05:00:00+00	2	null	2	1970-01-01 05:00:00+00	27	8	2020	22	8	2020	\N	\N	\N	\N	null	\N
0af534fa-024d-4e93-a87e-53e9df8b5c03	Бойцовский клуб	{"Чак Паланик"}	2	{}	\N	\N	Контркультура	1970-01-01 05:00:00+00	0	null	2	1970-01-01 05:00:00+00	\N	\N	2015	\N	\N	\N	\N	\N	\N	\N	null	\N
0b90eab1-187f-49c4-a363-7e7feec007c9	Конкурентность и параллелизм на платформе. Net	{"Рикардо Террелл"}	2	{C#,программирование,F#}	\N	\N	Компьютерная литература	2020-10-26 12:15:24+00	0	null	2	1970-01-01 05:00:00+00	30	5	2020	\N	\N	\N	\N	\N	\N	\N	null	\N
0baf62a0-4f3f-4bd1-b8e3-e9aef056e545	Идеальный программист	{"Роберт Мартин"}	2	{"Разработка ПО",программирование}	0	0	Компьютерная литература	2021-08-03 06:19:33+00	0	null	2	1970-01-01 05:00:00+00	15	9	2019	\N	\N	\N	\N	\N	\N	\N	Done	\N
0bf84efa-e18c-4e48-a453-178c9a2ba160	Оно	{"Стивен Кинг"}	2	{Мистика}	\N	\N	Ужасы	1970-01-01 05:00:00+00	0	null	2	1970-01-01 05:00:00+00	\N	7	2019	\N	\N	\N	\N	\N	\N	\N	null	\N
0c150fe1-812b-4d8e-bc3f-37f7229ce74b	Сойка пересмешница	{"Сьюзен Коллинз"}	2	{антиутопия}	\N	\N	Фантастика	2020-09-18 17:17:40+00	1	null	2	1970-01-01 05:00:00+00	\N	\N	2014	\N	\N	\N	\N	\N	\N	\N	null	\N
0c6d38be-fe9f-4339-8f5f-bad299f91661	Кладбище домашних животных	{"Стивен Кинг"}	2	{}	\N	\N	Ужасы	1970-01-01 05:00:00+00	0	null	2	1970-01-01 05:00:00+00	7	9	2019	\N	\N	\N	\N	\N	\N	\N	null	\N
0de15db8-9e4f-44da-b06d-3ab156e73ae7	Как быть стоиком: Античная философия и современная жизнь	{"Массимо Пильюччи"}	2	{стоицизм,Философия}	0	0	философия	2021-12-11 18:30:42+00	1	null	2	1970-01-01 05:00:00+00	29	10	2019	\N	\N	\N	0	\N	\N	\N	Done	\N
151f8d01-0802-444d-8774-646cf3d849be	Шаблоны реализации корпоративных приложений	{"Кент Бек"}	2	{"Разработка ПО",программирование}	\N	\N	Компьютерная литература	1970-01-01 05:00:00+00	0	null	2	1970-01-01 05:00:00+00	25	8	2017	\N	\N	\N	\N	\N	\N	\N	null	\N
19046533-f195-4e52-82aa-2c20b833d3e8	Введение в ESMAScript 6	{"Нараян Прасти"}	2	{JavaScript,"языки программирования",web}	\N	\N	Компьютерная литература	2020-09-22 19:16:41+00	1	null	2	1970-01-01 05:00:00+00	2	7	2020	\N	\N	\N	\N	\N	\N	\N	null	\N
21390788-ac81-49c4-847f-810461f88a30	Прорыв	{"Андрей Круз"}	2	{Зомби,постапокалипсис,"боевая фантастика","Эпоха мертвых"}	0	0	Фантастика	2021-04-09 07:35:08+00	0	null	2	1970-01-01 05:00:00+00	16	7	2020	12	7	2020	2018	\N	02bbf997-8766-427d-b0a1-6679dd41b7ef	3	Done	\N
23f2804e-fb23-4aeb-adcd-53bf53dc397c	Наедине с собой	{"Марк Аврелий"}	2	{Стоицизм,Философия}	0	0	Философия	2021-12-11 18:30:24+00	0	null	2	1970-01-01 05:00:00+00	18	6	2020	\N	\N	\N	0	\N	\N	\N	Done	\N
25d0a0dd-38dc-4162-9853-748a208df081	Чистовик	{"Сергей Лукьяненко"}	2	{"другие миры",попаданцы}	\N	\N	Фантастика	2021-05-07 14:15:47+00	0	null	2	1970-01-01 05:00:00+00	30	4	2017	\N	\N	\N	\N	\N	0179461c-5717-4d79-8ac3-3442496b96dd	2	Done	\N
29764566-eea9-484a-a8c1-d0ee39497bf0	Чужие	{"Дин Алан Фостер"}	2	{"Научная фантастика",ксеноморфы,космос,пришельцы}	\N	\N	Ужасы	2020-09-17 18:46:11+00	2	null	2	1970-01-01 05:00:00+00	22	8	2020	18	8	2020	\N	\N	\N	\N	null	\N
2e3862ca-3d64-4f70-98d6-f1e1e8b23c1a	Туман	{"Стивен Кинг"}	2	{}	\N	\N	Ужасы	2020-09-18 16:32:49+00	1	null	2	1970-01-01 05:00:00+00	7	5	2017	\N	\N	\N	\N	\N	\N	\N	null	\N
2e844f39-e0ee-47b0-8ad4-c8c6f6009a90	Молчание ягнят	{"Томас Харрис"}	2	{"серийные убийцы"}	\N	\N	детектив	1970-01-01 05:00:00+00	1	null	2	1970-01-01 05:00:00+00	15	10	2019	\N	\N	\N	\N	\N	\N	\N	null	\N
32c0aa59-0f83-4898-aebc-2aa8582ca714	1984	{"Джордж Оруэл"}	2	{}	\N	\N	Антиутопия	1970-01-01 05:00:00+00	0	null	2	1970-01-01 05:00:00+00	\N	\N	2018	\N	\N	\N	\N	\N	\N	\N	null	\N
34d0570c-5798-451c-974e-011ca93f727b	ПАТТЕРНЫ проектирования	{"Эрик Фримен","Элизабет Фримен","Кэтти Сьерра","Берт Бейтс"}	2	{"Разработка ПО",программирование}	0	0	Компьютерная литература	2021-04-07 09:40:02+00	0	null	2	1970-01-01 05:00:00+00	10	4	2018	\N	\N	\N	\N	\N	\N	\N	Done	\N
36d9bfef-5386-4b5e-af0c-a99f0d4b9840	Pro git	{"Скот Шакон","Бен Страуп"}	2	{SCV,git}	\N	\N	Компьютерная литература	1970-01-01 05:00:00+00	0	null	2	1970-01-01 05:00:00+00	31	5	2020	\N	\N	\N	\N	\N	\N	\N	null	\N
38292a65-5f82-4b75-bef7-10459c57151d	Битва королей	{"Джордж Мартин"}	2	{средневековье,рыцари,магия,Вестерос}	\N	\N	Фэнтези	2021-01-16 13:13:31+00	1	null	2	1970-01-01 05:00:00+00	10	11	2019	\N	\N	\N	\N	\N	dbd27743-dcb4-4332-a9d5-c06df90f21b3	2	null	\N
386a6d49-43d4-4379-975e-cbdc584c41ae	ASP.NET Core MVC 2 с примерами на C# для профессионалов	{"Адам Фримен"}	2	{.Net,C#,программирование}	1010	1010	Компьютерная литература	2020-10-20 15:45:58+00	1	null	2	1970-01-01 05:00:00+00	15	10	2020	30	9	2020	\N	\N	\N	\N	null	\N
3b368d8b-cfd4-4769-ac29-bb59ea6480aa	PostgreSQL настройка и масштабирование	{"Алексей Васильев"}	2	{"Базы данных"}	\N	\N	Компьютерная литература	2020-10-16 18:11:18+00	1	null	2	1970-01-01 05:00:00+00	14	8	2019	\N	\N	\N	\N	\N	\N	\N	null	\N
3cd95f1a-494b-4ee9-9291-f103547c0d21	Angular для профессионалов	{"Адам Фримен"}	2	{JavaScript,web,angular}	0	0	Компьютерная литература	2021-04-07 09:38:02+00	0	null	2	1970-01-01 05:00:00+00	\N	7	2019	\N	\N	\N	\N	\N	\N	\N	Done	\N
46418074-6028-4f02-9c35-f2f884e23e09	Жизнь Пи	{"Ян Мартел"}	2	{}	\N	\N	Драма	1970-01-01 05:00:00+00	0	null	2	1970-01-01 05:00:00+00	\N	\N	2014	\N	\N	\N	\N	\N	\N	\N	null	\N
482fb338-0507-4f76-b91c-5b0b55ed4689	Мертвый Лерой	{"Андрей Круз"}	2	{Зомби,постапокалипсис,"боевая фантастика","эпоха мертвых"}	\N	\N	Фантастика	2020-10-01 20:57:35+00	1	null	2	1970-01-01 05:00:00+00	27	7	2020	27	7	2020	\N	\N	\N	\N	null	\N
48b8e864-d39a-4edf-ba72-d8d56283e9bc	Вскрытие покажет	{"Алексей Решетун"}	2	{медицина,научпоп}	0	0	Нон-фикшен	2021-04-29 07:10:38+00	2	null	2	1970-01-01 05:00:00+00	\N	8	2020	30	7	2020	\N	\N	\N	\N	Done	\N
4dcd95bd-74b6-4117-9369-9e44a5ca623d	Повелитель мух	{"Уильям Голдинг"}	2	{}	\N	\N	Драма	2020-09-18 16:32:28+00	1	null	2	1970-01-01 05:00:00+00	15	5	2017	\N	\N	\N	\N	\N	\N	\N	null	\N
4f16ad92-46a8-4149-8f7c-d713e2ab15b4	Уличный кот по имени Боб	{"Джеймс Боуэн"}	2	{}	\N	\N		1970-01-01 05:00:00+00	0	null	2	1970-01-01 05:00:00+00	\N	\N	2016	\N	\N	\N	\N	\N	\N	\N	null	\N
510e461e-66d4-4fef-a811-924b6f63fc6c	Благие Знамения	{"Терри Пратчет"}	2	{сатира,ангелы,демоны,"конец света"}	\N	\N	Фантастика	1970-01-01 05:00:00+00	1	null	2	1970-01-01 05:00:00+00	5	\N	2020	\N	\N	\N	\N	\N	\N	\N	null	\N
51d1817a-4e54-4297-8f64-54233261f803	Кэрри	{"Стивен Кинг"}	2	{}	\N	\N	Ужасы	2020-09-18 15:05:13+00	0	null	2	1970-01-01 05:00:00+00	6	10	2019	\N	\N	\N	\N	\N	\N	\N	null	\N
572d200c-4124-4c28-ad45-8e274092819a	Библиотека Душ	{"Ренсом Риггз"}	2	{магия,"перемещение во времени"}	\N	\N	Фантастика	2021-01-16 13:21:59+00	1	null	2	1970-01-01 05:00:00+00	14	\N	2020	\N	\N	\N	\N	\N	d9bd7f71-4d18-4a77-b9be-1fcc0e1e9c73	3	null	\N
59b408a1-30b7-4ff5-b3d9-0c11a81e28df	Таящийся у порога	{"Говард Филлипс Лавкрафт"}	2	{}	\N	\N		1970-01-01 05:00:00+00	0	null	2	1970-01-01 05:00:00+00	\N	\N	2017	\N	\N	\N	\N	\N	\N	\N	null	\N
5a42dc7c-c723-4f9e-87fe-6c72689c494c	Буря мечей	{"Джордж Мартин"}	2	{средневековье,рыцари,магия,Вестерос}	\N	\N	Фэнтези	2021-01-16 13:13:17+00	1	null	2	1970-01-01 05:00:00+00	27	11	2019	\N	\N	\N	\N	\N	dbd27743-dcb4-4332-a9d5-c06df90f21b3	3	null	\N
5aea29f7-2ea1-4997-8fc2-a08eb55aa556	Война миров	{"Герберт Уэллс"}	2	{"Научная фантастика",космос,пришельцы,марсеане}	\N	\N	Фантастика	1970-01-01 05:00:00+00	2	null	2	1970-01-01 05:00:00+00	6	8	2020	2	8	2020	\N	\N	\N	\N	null	\N
5af6eb22-9e3a-4626-92d8-0e5c3040869f	Entity Framework Core 2 для ASP.NET Core MVC для профессионалов	{"Адам Фримен"}	2	{.Net,"C Sharp",программирование}	626	626	Компьютерная литература	2020-11-11 14:23:19+00	1	null	2	1970-01-01 05:00:00+00	11	11	2020	4	11	2020	\N	\N	\N	\N	null	\N
5b3b2238-d40b-4c69-8938-992d48b2e7f0	Драма на охоте	{"Антон Павлович Чехов"}	2	{}	\N	\N	детектив	2020-10-16 12:13:46+00	0	null	2	1970-01-01 05:00:00+00	\N	\N	2014	\N	\N	\N	\N	\N	\N	\N	null	\N
5d44dea9-3c07-452c-a367-da4329f89d96	Новая большая книга CSS	{"Дэвид Макфарланд"}	2	{CSS,web}	0	0	Компьютерная литература	2021-04-07 09:38:24+00	0	null	2	1970-01-01 05:00:00+00	5	10	2019	\N	\N	\N	\N	\N	\N	\N	Done	\N
5d74b4d7-4466-4c73-a0d3-72e388221860	Зов Предков	{"Джек Лондон"}	2	{}	\N	\N	Драма	1970-01-01 05:00:00+00	0	null	2	1970-01-01 05:00:00+00	\N	\N	2014	\N	\N	\N	\N	\N	\N	\N	null	\N
61c3a09e-7a32-4c6a-bd68-d66ad70bcc01	Изучаем программирование на Javascript	{"Эрик Фримен","Элизабет Робсон"}	2	{JavaScript,web}	\N	\N	Компьютерная литература	1970-01-01 05:00:00+00	0	null	2	1970-01-01 05:00:00+00	28	9	2019	\N	\N	\N	\N	\N	\N	\N	null	\N
62cd47f4-41d2-44a4-95ae-97fdfe58be9a	Как устроен javascript	{"Дуглас Крокфорд"}	2	{JavaScript,"языки программирования",web}	\N	\N	Компьютерная литература	1970-01-01 05:00:00+00	1	null	2	1970-01-01 05:00:00+00	26	6	2020	\N	\N	\N	\N	\N	\N	\N	null	\N
68de68b1-943a-4865-b045-a7f7b11107da	Морской Волк	{"Джек Лондон"}	2	{}	\N	\N	Драма	1970-01-01 05:00:00+00	0	null	2	1970-01-01 05:00:00+00	\N	\N	2014	\N	\N	\N	\N	\N	\N	\N	null	\N
6e3a3196-b7c5-4758-8628-52fad173c4ab	Последний борт на Одессу	{"Андрей Круз","Андрей Царев"}	2	{"Другие миры",попаданцы,"боевая фантастика","земля лишних",Маньяки,"Серийные убийцы"}	0	0	Фантастика	2021-06-16 06:33:27+00	2	null	2	1970-01-01 05:00:00+00	10	9	2020	31	8	2020	2018	\N	17ed625b-583e-47f1-83e7-f645dc591fba	4	Done	\N
707b6a99-413c-4bca-8a5a-0ee5bb371168	Герой нашего времени	{"Михаил Лермонтов"}	2	{}	\N	\N	Драма	1970-01-01 05:00:00+00	0	null	2	1970-01-01 05:00:00+00	\N	\N	2014	\N	\N	\N	\N	\N	\N	\N	null	\N
71818c0f-494e-4ba5-a9f9-11298f73c4ec	Игра престолов	{"Джордж Мартин"}	2	{средневековье,рыцари,магия,Вестерос}	\N	\N	Фэнтези	2021-01-16 13:13:48+00	1	null	2	1970-01-01 05:00:00+00	28	10	2019	\N	\N	\N	\N	\N	dbd27743-dcb4-4332-a9d5-c06df90f21b3	1	null	\N
7273cecb-8ec6-46d5-bda1-87201d8d8635	Дракула	{"Брэм Стокер"}	2	{вампиры,нечисть}	\N	\N	Ужасы	1970-01-01 05:00:00+00	0	null	2	1970-01-01 05:00:00+00	\N	\N	2014	\N	\N	\N	\N	\N	\N	\N	null	\N
745901b1-f3a9-4664-a6a6-f1675f153705	Между жизнями	{"Алексей Решетун"}	2	{медицина,научпоп}	\N	\N	Нон-фикшен	2020-10-11 23:31:21+00	0	null	2	1970-01-01 05:00:00+00	30	7	2020	27	7	2020	\N	\N	\N	\N	null	\N
747c6498-f1ed-49d2-a6c9-e16bad6493df	Милые кости	{"Элис Сиболд"}	2	{}	\N	\N		2020-09-18 16:31:32+00	1	null	2	1970-01-01 05:00:00+00	17	6	2017	\N	\N	\N	\N	\N	\N	\N	null	\N
74c76a72-405b-4502-8950-5b5d744d293d	Использование Docker	{"Эдлиен Моуэт"}	2	{Docker,"разработка ПО",Работа}	356	356	Компьютерная литература	2021-08-21 08:28:48+00	1	null	2	1970-01-01 05:00:00+00	30	9	2020	26	9	2020	\N	\N	\N	\N	Done	\N
766b02f0-f36d-4eb6-b134-f4b213e6b566	О дивный новый мир	{"Олдос Хаксли"}	2	{}	\N	\N	Антиутопия	1970-01-01 05:00:00+00	0	null	2	1970-01-01 05:00:00+00	19	4	2018	\N	\N	\N	\N	\N	\N	\N	null	\N
0179b89c-cae0-4e4c-bad5-3442496b96dd	Государство	{Платон}	0	{}	\N	\N		2021-05-30 21:07:23+00	0		2	2021-05-29 19:52:07+00	\N	\N	\N	\N	\N	\N	\N	\N	\N	\N	Done	\N
7ae3c8c5-7d27-408b-82e3-dddbba25eeff	Кирза	{"Вадим Чекунов"}	2	{Армия}	\N	\N		2020-09-20 17:46:45+00	0	null	2	2020-09-20 17:46:45+00	\N	\N	2012	\N	\N	\N	\N	\N	\N	\N	null	\N
787a1702-231d-4e87-a413-e8bbe65294d8	BMW. Баварское сердце, Русская душа	{"Александр Пикуленко","Денис Орлов"}	2	{История,BMW,Автомобили,"Великая отечественная война"}	0	0	Нон-фикшен	2021-12-31 19:58:16+00	2	null	2	1970-01-01 05:00:00+00	17	6	2020	\N	\N	\N	0	\N	\N	\N	Done	\N
801a16e1-0f3b-4421-bb7a-fa61d7615f3e	CLR via C#	{"Джеффри Рихтер"}	2	{C#,программирование}	0	0	Компьютерная литература	2021-04-07 09:39:51+00	0	null	2	1970-01-01 05:00:00+00	30	11	2017	\N	\N	\N	\N	\N	\N	\N	Done	\N
80929e8d-8acc-4f19-90ca-0fe0b05a473a	Престиж	{"Кристофер Прист"}	2	{}	\N	\N	Драма	1970-01-01 05:00:00+00	1	null	2	1970-01-01 05:00:00+00	\N	\N	2014	\N	\N	\N	\N	\N	\N	\N	null	\N
86c91651-b1a6-4686-9047-38d3f3952b57	Девушка в поезде	{"Пола Хокинс"}	2	{}	\N	\N	детектив	2020-09-18 16:32:41+00	1	null	2	1970-01-01 05:00:00+00	11	5	2017	\N	\N	\N	\N	\N	\N	\N	null	\N
89cdd1e6-40d2-4519-bee5-5818cba20c96	Хмель и Клондайк	{"Павел Корнев","Андрей Круз"}	2	{"Другие миры",попаданцы,магия,"боевая фантастика",приграничье}	0	0	Фантастика	2022-01-18 05:41:38+00	2	null	2	1970-01-01 05:00:00+00	11	9	2020	4	9	2020	2019	\N	0a38be07-8298-4253-9adf-bb2b3bab0e07	1	Done	\N
8c8e45a7-f0fa-4df1-872d-ecea487de6ac	Те кто выжил	{"Андрей Круз"}	2	{Зомби,постапокалипсис,"боевая фантастика","эпоха мертвых"}	0	0	Фантастика	2021-08-10 21:55:50+00	2	null	2	1970-01-01 05:00:00+00	26	7	2020	22	7	2020	2020	\N	79b37ff2-fa2f-49a2-aa92-c41be9202102	3	Done	\N
8cd08b6e-60b3-467b-a7d2-5e0cd57a9615	Статистика и котики	{"Владимир Савельев"}	2	{Статистика}	\N	\N	нон-фикшен	2020-10-11 23:32:24+00	0	null	2	1970-01-01 05:00:00+00	\N	10	2019	\N	\N	\N	\N	\N	\N	\N	null	\N
902fe7bd-70f7-43ff-acef-787bb282e05f	Таинственный рыцарь	{"Джордж Мартин"}	2	{средневековье,рыцари}	\N	\N	Фэнтези	2020-09-18 14:24:54+00	1	null	2	1970-01-01 05:00:00+00	28	12	2019	\N	\N	\N	\N	\N	\N	\N	null	\N
90f0f3a6-fd26-454c-83b7-a70d0e9655f4	Не спешу	{"Сергей Лукьяненко"}	2	{}	\N	\N		1970-01-01 05:00:00+00	0	null	2	1970-01-01 05:00:00+00	\N	\N	2015	\N	\N	\N	\N	\N	\N	\N	null	\N
95f59591-cea8-413d-b070-b721c5fcf50d	Карта дней	{"Ренсом Риггз"}	2	{магия,"перемещение во времени"}	\N	\N	Фантастика	2021-01-16 13:22:11+00	1	null	2	1970-01-01 05:00:00+00	19	\N	2020	\N	\N	\N	\N	\N	d9bd7f71-4d18-4a77-b9be-1fcc0e1e9c73	4	null	\N
967cc3be-cf8d-4e2f-9e63-e1bcc3847ad6	От чужих берегов	{"Андрей Круз"}	2	{Зомби,постапокалипсис,"боевая фантастика","эпоха мертвых"}	0	0	Фантастика	2021-08-03 06:18:56+00	2	null	2	1970-01-01 05:00:00+00	22	7	2020	18	7	2020	2019	\N	79b37ff2-fa2f-49a2-aa92-c41be9202102	2	Done	\N
9e6b417d-61a6-489f-a881-6009fec9c846	В списках не значился	{"Борис Васильев"}	2	{}	\N	\N		1970-01-01 05:00:00+00	0	null	2	1970-01-01 05:00:00+00	\N	\N	2015	\N	\N	\N	\N	\N	\N	\N	null	\N
9eeb2f15-d9f8-41f1-b188-60c1bcf1f7f8	Присяжный рыцарь	{"Джордж Мартин"}	2	{средневековье,рыцари}	\N	\N	Фэнтези	1970-01-01 05:00:00+00	1	null	2	1970-01-01 05:00:00+00	27	12	2019	\N	\N	\N	\N	\N	\N	\N	null	\N
9f1abd96-6ae9-4f12-9447-2418c3aa650b	Белый Клык	{"Джек Лондон"}	2	{}	\N	\N	Драма	1970-01-01 05:00:00+00	0	null	2	1970-01-01 05:00:00+00	\N	\N	2014	\N	\N	\N	\N	\N	\N	\N	null	\N
a1474a7c-6fdd-46e8-9adb-eb290d322952	DataScience. Наука о данных с нуля.	{"Джоэл Грас"}	2	{Статистика}	\N	\N	Компьютерная литература	2020-09-18 14:02:15+00	0	null	2	1970-01-01 05:00:00+00	2	6	2020	\N	\N	\N	\N	\N	\N	\N	null	\N
a1c8261e-41bb-4c6a-86bb-f934f403d7c5	Танец с драконами	{"Джордж Мартин"}	2	{средневековье,рыцари,магия,Вестерос}	\N	\N	Фэнтези	2021-01-16 13:12:26+00	1	null	2	1970-01-01 05:00:00+00	24	12	2019	\N	\N	\N	\N	\N	dbd27743-dcb4-4332-a9d5-c06df90f21b3	5	null	\N
a2504a83-9238-4c05-befb-3188397ffe8a	Изгоняющий дьявола	{"Уильям Питер Блэтти"}	2	{Демоны,экзорцизм}	\N	\N	Ужасы	1970-01-01 05:00:00+00	0	null	2	1970-01-01 05:00:00+00	\N	\N	2015	\N	\N	\N	\N	\N	\N	\N	null	\N
a312c278-eb0b-473c-afd5-dfc35d3b5ae2	Государь	{"Никколо Макиавелли"}	2	{}	0	0	Политика	2021-06-14 19:53:41+00	0	null	2	1970-01-01 05:00:00+00	5	10	2019	\N	\N	\N	\N	\N	\N	\N	Done	\N
a59c56fb-f0d8-4c15-b100-0444d12a2d60	Зверобой	{"Джеймс Фенимор Купер"}	2	{индейцы}	\N	\N	Драма	1970-01-01 05:00:00+00	0	null	2	1970-01-01 05:00:00+00	\N	\N	2014	\N	\N	\N	\N	\N	\N	\N	null	\N
a776db44-1612-4f98-bc0f-c8c0d8eb7c4d	Черновик	{"Сергей Лукьяненко"}	2	{попаданцы,"другие миры"}	\N	\N	Фантастика	2021-05-07 14:15:57+00	0	null	2	1970-01-01 05:00:00+00	19	4	2017	\N	\N	\N	\N	\N	0179461c-5717-4d79-8ac3-3442496b96dd	1	Done	\N
b0358d26-c1b4-4dd0-a4ca-9113ff351763	Парфюмер. История одного убийцы.	{"Патрик Зюскинд"}	2	{}	\N	\N	драма	2020-10-11 23:34:32+00	1	null	2	1970-01-01 05:00:00+00	13	6	2017	\N	\N	\N	\N	\N	\N	\N	null	\N
b0432102-e502-456a-9f96-8dd13f1ea213	Занимательная физика	{"Яков Перельман"}	2	{Физика,научпоп}	\N	\N	Нон-фикшен	2020-10-11 23:31:38+00	0	null	2	1970-01-01 05:00:00+00	29	6	2020	\N	\N	\N	\N	\N	\N	\N	null	\N
404ebef6-1c20-476a-8ee3-7fd17579e524	Обезьяны и все-все-все	{"Станислав Дробышевский"}	2	{Научпоп,Биология,Антропология,Генетика,Динозавры}	0	1267	Нон-фикшен	2021-02-18 06:19:56+00	2		2	2021-01-31 06:20:32+00	17	2	2021	8	2	2021	\N	\N	177b2b6b-b47e-4487-8c39-37c5208b7728	\N	Left	\N
1ae1d97f-84d6-4e89-9afc-32cf9824e48c	Моби Дик или белый кит	{"Герман Мелвил"}	2	{Море,Животные,Месть}	595	595	Морская художественная литература	2021-02-08 07:14:38+00	2		2	2021-02-04 08:50:51+00	8	2	2021	4	2	2021	\N	\N	\N	\N	null	\N
177b2b7d-d1dc-455a-89f1-37c5208b7728	Люди	{"Станислав Дробышевский"}	2	{Наука,Научпоп,Антропология}	0	1133	Нон-фикшен	2021-03-23 10:54:25+00	2		2	2021-02-18 06:20:50+00	23	3	2021	12	3	2021	\N	\N	177b2b6b-b47e-4487-8c39-37c5208b7728	2	Left	\N
0177cabd-a838-4e70-cf75-3442496b96dd	Мастер и Маргарита	{"Михаил Булгаков"}	2	{}	508	508	Классика	2021-03-13 18:52:17+00	0		2	2021-02-22 22:18:08+00	13	3	2021	22	2	2021	2020	\N	\N	\N	Done	\N
01782c8d-c922-4181-a0de-3442496b96dd	Легкий способ бросить курить	{"Аллен Карр"}	2	{Курение,Здоровье}	203	203	Нон-фикшен	2021-03-17 19:37:53+00	0		2	2021-03-13 22:06:34+00	17	3	2018	\N	\N	\N	\N	\N	\N	\N	Done	\N
b0d90df5-50b5-4387-998b-1d3004ebefa9	Дремлющий демон Декстера	{"Джеффри Линдсей"}	2	{криминал}	\N	\N	детектив	2020-10-11 23:34:00+00	1	null	2	1970-01-01 05:00:00+00	18	10	2019	\N	\N	\N	\N	\N	\N	\N	null	\N
b14b4445-2f8c-4ba0-80ad-2c2dc8f2db19	Москва	{"Андрей Круз"}	2	{Зомби,постапокалипсис,"боевая фантастика","Эпоха мертвых"}	0	0	Фантастика	2021-04-09 07:34:56+00	2	null	2	1970-01-01 05:00:00+00	12	7	2020	9	7	2020	2018	\N	02bbf997-8766-427d-b0a1-6679dd41b7ef	2	Done	\N
b29e97a7-b269-4fe5-92b4-9c6b908e1c56	Дом странных детей	{"Ренсом Риггз"}	2	{магия,"перемещение во времени"}	\N	\N	Фантастика	2021-01-16 13:21:22+00	1	null	2	1970-01-01 05:00:00+00	7	\N	2020	\N	\N	\N	\N	\N	d9bd7f71-4d18-4a77-b9be-1fcc0e1e9c73	1	null	\N
b2f73cf7-fa0d-4378-b2e4-bd65f845d203	Я робот	{"Айзек Азимов"}	2	{Роботы,"научная фантастика","искусственный интеллект"}	\N	\N	Фантастика	1970-01-01 05:00:00+00	1	null	2	1970-01-01 05:00:00+00	28	6	2020	\N	\N	\N	\N	\N	\N	\N	null	\N
b2f9c2db-f0d4-4640-bddb-82d8ad608f0c	Колыбельная	{"Чак Паланик"}	2	{}	\N	\N	Контркультура	2020-09-18 17:03:02+00	0	null	2	1970-01-01 05:00:00+00	18	6	2017	\N	\N	\N	\N	\N	\N	\N	null	\N
b4cc7ffe-6a39-4a03-8bfd-2e0ff729eb79	Как быть стоиком	{"Массимо Пильюччи"}	2	{Стоицизм,Философия}	0	0	Философия	2021-12-11 18:29:57+00	2	null	2	1970-01-01 05:00:00+00	4	7	2020	\N	\N	\N	0	\N	\N	\N	Done	\N
b5cb4d31-beee-44c0-9cd6-fda3ced0bc8d	Краткие ответы, на большие вопросы	{"Стивен Хокинг"}	2	{Физика,научпоп}	\N	\N	Нон-фикшен	2020-10-11 23:30:40+00	1	null	2	1970-01-01 05:00:00+00	3	6	2020	\N	\N	\N	\N	\N	\N	\N	null	\N
b6c0460f-4714-4aea-9cf3-c04df517ac0a	Звонок	{"Кодзи Судзуки"}	2	{Мистика,Призраки,Проклятье}	\N	\N	Ужасы	2021-04-16 17:07:41+00	0	null	2	1970-01-01 05:00:00+00	\N	\N	2015	\N	\N	\N	\N	\N	\N	\N	Done	\N
b731dc48-0370-4ee5-a532-06a0a137c41f	20000 лье под водой	{"Жюль Верн"}	2	{}	\N	\N	Фантастика	2020-09-18 17:01:44+00	1	null	2	1970-01-01 05:00:00+00	\N	\N	2016	\N	\N	\N	\N	\N	\N	\N	null	\N
b8219c31-2484-4d43-82cf-a1a140c6bc42	Пир стервятников	{"Джордж Мартин"}	2	{средневековье,рыцари,магия,Вестерос}	\N	\N	Фэнтези	2021-01-16 13:08:00+00	1	null	2	1970-01-01 05:00:00+00	9	12	2019	\N	\N	\N	\N	\N	dbd27743-dcb4-4332-a9d5-c06df90f21b3	4	null	\N
b89066eb-1804-4a92-94e2-05c5e70e3bf0	Angular и Typescript. Сайтостроение для профессионалов	{"Файн Яков","Моисеев Антон"}	2	{TypeScript,JavaScript,web,программирование,Angular}	\N	\N	Компьютерная литература	2021-04-20 15:05:41+00	1	null	2	1970-01-01 05:00:00+00	22	11	2019	\N	\N	\N	\N	\N	\N	\N	Done	\N
b931926a-5963-45d0-bb04-0c63956772cf	Чистый код	{"Роберт Мартин"}	2	{"Разработка ПО",программирование}	0	0	Компьютерная литература	2021-04-10 10:25:26+00	0	null	2	1970-01-01 05:00:00+00	17	2	2019	\N	\N	\N	\N	\N	\N	\N	Done	\N
bd25543e-e1ed-478f-8aff-65484614fe88	Скотный двор	{"Джордж Оруэл"}	2	{}	\N	\N	Сатира	1970-01-01 05:00:00+00	0	null	2	1970-01-01 05:00:00+00	11	7	2019	\N	\N	\N	\N	\N	\N	\N	null	\N
c11c6faf-8abd-4c1b-9daf-d4ab31f9e666	Начало	{"Андрей Круз"}	2	{Зомби,постапокалипсис,"боевая фантастика","Эпоха мертвых"}	0	0	Фантастика	2021-04-21 11:49:04+00	2	null	2	1970-01-01 05:00:00+00	9	7	2020	4	7	2020	2018	\N	02bbf997-8766-427d-b0a1-6679dd41b7ef	1	Done	\N
d3578a3e-0cd0-4bc7-a7ea-77ae7c929d17	Холод, пиво, дробовик	{"Павел Корнев","Андрей Круз"}	2	{попаданцы,магия,"другие миры","боевая фантастика",приграничье}	\N	\N	Фантастика	2021-01-16 13:33:49+00	2	null	2	1970-01-01 05:00:00+00	16	9	2020	12	9	2020	2020	\N	0a38be07-8298-4253-9adf-bb2b3bab0e07	2	null	\N
dcad11a7-17e8-4cd0-a9ad-c57376489786	И вспыхнет пламя	{"Сьюзен Коллинз"}	2	{антиутопия}	\N	\N	Фантастика	1970-01-01 05:00:00+00	0	null	2	1970-01-01 05:00:00+00	\N	\N	2014	\N	\N	\N	\N	\N	\N	\N	null	\N
df03fd37-c303-4de1-af0b-a5d3ed76e17c	Я! Еду! Домой!	{"Андрей Круз"}	2	{Зомби,постапокалипсис,"боевая фантастика","эпоха мертвых"}	0	0	Фантастика	2021-07-26 18:00:00+00	2	null	2	1970-01-01 05:00:00+00	18	7	2020	16	7	2020	2019	\N	79b37ff2-fa2f-49a2-aa92-c41be9202102	1	Done	\N
e1371749-565a-4c55-a190-db4258f1567b	Марсианин	{"Энди Вейр"}	2	{космос}	\N	\N	Фантастика	1970-01-01 05:00:00+00	1	null	2	1970-01-01 05:00:00+00	\N	\N	2016	\N	\N	\N	\N	\N	\N	\N	null	\N
e4446d15-b99a-4e96-a0f0-be01a583cd90	Побег из Шоушенка	{"Стивен Кинг"}	2	{аферисты,тюрьма}	\N	\N	Драма	1970-01-01 05:00:00+00	1	null	2	1970-01-01 05:00:00+00	29	10	2019	\N	\N	\N	\N	\N	\N	\N	null	\N
e5fe7411-49e4-4b38-8153-7a9a79f05a36	Крестный отец	{"Марио Пьюзо"}	2	{мафия,криминал}	\N	\N	Драма	1970-01-01 05:00:00+00	0	null	2	1970-01-01 05:00:00+00	\N	\N	2014	\N	\N	\N	\N	\N	\N	\N	null	\N
e6e37fd3-a687-42e5-bd86-f4bc9d170c55	Отцы и Дети	{"Иван Тургенев"}	2	{}	\N	\N	Драма	1970-01-01 05:00:00+00	0	null	2	1970-01-01 05:00:00+00	\N	\N	2014	\N	\N	\N	\N	\N	\N	\N	null	\N
e8276053-327b-473d-a2bd-ca3a87481d64	Странник по звездам	{"Джек Лондон"}	2	{}	\N	\N	Фантастика	1970-01-01 05:00:00+00	0	null	2	1970-01-01 05:00:00+00	\N	\N	2014	\N	\N	\N	\N	\N	\N	\N	null	\N
eacb708a-2e5f-4806-98e6-d47afababc1a	Два билета туда	{"Андрей Круз","Андрей Царев"}	2	{"Другие миры",попаданцы,"боевая фантастика","земля лишних"}	0	0	Фантастика	2021-05-28 09:23:51+00	2	null	2	1970-01-01 05:00:00+00	31	8	2020	27	8	2020	2018	\N	17ed625b-583e-47f1-83e7-f645dc591fba	3	Done	\N
ee3c0041-016c-4a1b-87f7-b77c3585891a	День когда земля вскрикнула	{"Артур Конан Дойл"}	2	{"Научная фантастика"}	\N	\N	Фантастика	2020-09-18 18:13:31+00	0	null	2	1970-01-01 05:00:00+00	\N	\N	2013	\N	\N	\N	\N	\N	\N	\N	null	\N
efc16298-31b7-439c-aeb2-8ad0c23fd9e9	Межевой рыцарь	{"Джордж Мартин"}	2	{средневековье,рыцари,Вестерос}	\N	\N	Фэнтези	2021-01-16 13:12:54+00	1	null	2	1970-01-01 05:00:00+00	26	12	2019	\N	\N	\N	\N	\N	\N	\N	null	\N
f1e269b2-aeed-4139-bfa9-c1bbfd52e326	Вирусы мозга	{"Ричард Докинз"}	2	{религия}	\N	\N	нон-фикшен	2020-10-11 23:32:42+00	1	null	2	1970-01-01 05:00:00+00	19	10	2019	\N	\N	\N	\N	\N	\N	\N	null	\N
12695a77-083f-4c14-8580-f82bf1ff73ca	Легенда	{}	2	{}	\N	\N	ЛитРПГ	2020-10-12 08:32:49+00	1	\N	13	2020-10-12 08:32:51.129107+00	\N	\N	\N	\N	\N	\N	2020	\N	\N	\N	\N	\N
f3550233-fc4c-42c9-857e-078bac87b744	Angular. Сборник рецептов	{"Мэтт Фрисби"}	2	{TypeScript,JavaScript,web,программирование,Angular}	\N	\N	Компьютерная литература	2021-04-20 15:05:25+00	1	null	2	1970-01-01 05:00:00+00	20	11	2019	\N	\N	\N	\N	\N	\N	\N	Done	\N
f5554dfc-3cbe-4bd3-b707-cbb900f9769c	Голодные игры	{"Сьюзен Коллинз"}	2	{антиутопия}	\N	\N	Фантастика	1970-01-01 05:00:00+00	1	null	2	1970-01-01 05:00:00+00	\N	\N	2014	\N	\N	\N	\N	\N	\N	\N	null	\N
f5b5cc72-84e1-499f-ba17-48ac3557feba	Гитлер	{"Руперт Колли"}	2	{История,"Великая отечественная война"}	0	0	Нон-фикшен	2021-12-31 19:58:03+00	2	null	2	1970-01-01 05:00:00+00	18	6	2020	\N	\N	\N	0	\N	\N	\N	Done	\N
f5bbe526-28c3-44fb-836a-640859ce6530	Таинственная история Билли Миллигана	{}	2	{}	\N	\N		1970-01-01 05:00:00+00	0	null	2	1970-01-01 05:00:00+00	\N	\N	2016	\N	\N	\N	\N	\N	\N	\N	null	\N
f71ae489-5ea4-4cb7-9d90-9a1cdcc605db	Евгений Онегин	{"Александр Пушкин"}	2	{}	\N	\N		2020-09-19 07:50:38+00	0	null	2	1970-01-01 05:00:00+00	\N	\N	2015	\N	\N	\N	\N	\N	\N	\N	null	\N
cf59ea83-f4a7-43a7-8f9d-6bc20b792957	Парфюмер. История одного убийцы	{}	1	{}	379	997		2021-01-22 14:06:30.586997+00	1	\N	9	2021-01-19 18:08:33.228483+00	\N	\N	\N	19	1	2021	\N	\N	\N	\N	\N	\N
f7913932-a6b1-4fee-a621-6e3e55dfd742	Иван Поддубный. Одолеть его могли только женщины	{"Збигнев Войцеховский"}	2	{}	\N	\N	Драма	1970-01-01 05:00:00+00	1	null	2	1970-01-01 05:00:00+00	\N	\N	2014	\N	\N	\N	\N	\N	\N	\N	null	\N
f96e8398-dcf2-4ab9-aa8c-28b88fc75981	Призраки	{"Чак Паланик"}	2	{}	\N	\N	Контркультура	1970-01-01 05:00:00+00	0	null	2	1970-01-01 05:00:00+00	\N	\N	2016	\N	\N	\N	\N	\N	\N	\N	null	\N
faeab3ba-b8d3-4dd1-925f-051b3778f31e	Живая сила. Дневник ликвидатора	{"Сергей Мирный"}	2	{история,чернобыль}	\N	\N	нон-фикшен	2020-10-11 23:31:06+00	0	null	2	1970-01-01 05:00:00+00	25	4	2020	\N	\N	\N	\N	\N	\N	\N	null	\N
fc4e556e-bd9b-4c9a-a4ee-b88fe1a7b132	Как не умереть молодым	{"Алексей Решетун"}	2	{медицина,научпоп}	0	0	Нон-фикшен	2021-04-28 06:44:17+00	2	null	2	1970-01-01 05:00:00+00	2	8	2020	\N	8	2020	\N	\N	\N	\N	Done	\N
fefee045-0677-4939-bfd7-16ddeb9491e0	Чистая архитектура	{"Роберт Мартин"}	2	{"Разработка ПО",программирование}	0	0	Компьютерная литература	2021-04-07 09:37:34+00	0	null	2	1970-01-01 05:00:00+00	\N	2	2019	\N	\N	\N	\N	\N	\N	\N	Done	\N
ff748fe1-78ae-40a0-9754-c89da3334a1a	Vue.js в действии	{"Эрик Хэнчетт","Бенджамин Листуон"}	2	{JavaScript,"языки программирования",web}	\N	\N	Компьютерная литература	1970-01-01 05:00:00+00	0	null	2	1970-01-01 05:00:00+00	30	6	2020	\N	\N	\N	\N	\N	\N	\N	null	\N
f47d6587-b93e-40a2-a997-62f270dcae6a	Затерянный мир	{"Артур Конан Дойл"}	2	{Динозавры}	\N	\N	Фантастика	2020-09-19 23:00:37+00	0	null	2	2020-09-19 23:00:37+00	\N	\N	2013	\N	\N	\N	\N	\N	\N	\N	null	\N
adb59cfb-fb83-4cab-acce-f9549ae76cfb	Отравленный пояс	{"Артур Конан Дойл"}	2	{Космос}	\N	\N	Фантастика	2020-09-19 23:02:39+00	0	null	2	2020-09-19 23:02:39+00	\N	\N	2013	\N	\N	\N	\N	\N	\N	\N	null	\N
6c259b32-a8fe-4e19-aebe-75ed2aa9d7c4	Песнь Кали	{"Ден Симмонс"}	2	{Боги,Индия,мистика}	\N	\N	Детектив	2020-09-19 23:17:48+00	1	null	2	2020-09-19 23:17:48+00	\N	\N	2013	\N	\N	\N	\N	\N	\N	\N	null	\N
45cab61c-9dac-4b71-8f97-0226161a4e1b	Путешествие к центру земли	{"Жюль Верн"}	2	{"Научная фантастика"}	\N	\N	Фантастика	2020-09-19 23:18:47+00	0	null	2	2020-09-19 23:18:47+00	\N	\N	2013	\N	\N	\N	\N	\N	\N	\N	null	\N
ef5472ae-d36d-4ee0-826b-60418fff0ae9	Робин Гуд	{"Алексанр Дюма"}	2	{}	\N	\N	Повесть	2020-09-19 23:19:53+00	1	null	2	2020-09-19 23:19:53+00	\N	\N	2013	\N	\N	\N	\N	\N	\N	\N	null	\N
8906fab4-cd7a-4258-9c0a-b8fb1fa903e7	Робин Гуд Король разбойников	{"Алексанр Дюма"}	2	{}	\N	\N	Повесть	2020-09-19 23:20:51+00	1	null	2	2020-09-19 23:20:51+00	\N	\N	2013	\N	\N	\N	\N	\N	\N	\N	null	\N
cf71cd7f-4912-4baa-b104-38a142316dd9	Страна джунглей	{"Кристофер Стюарт"}	2	{}	\N	\N		2020-09-19 23:21:34+00	0	null	2	2020-09-19 23:21:34+00	\N	\N	2013	\N	\N	\N	\N	\N	\N	\N	null	\N
f025a0df-2098-4d56-b415-c53adedd0f7b	Гарри Поттер и Дары Смерти	{"Джоан Роулинг"}	2	{магия}	\N	\N	Фантастика	2021-01-16 13:00:35+00	1	null	2	2020-09-20 17:26:59+00	\N	\N	2012	\N	\N	\N	\N	\N	a3404840-2058-4376-976e-ae67c0e9208a	7	null	\N
38fe33ec-a3f4-4074-94f8-9c225cc43cf2	Гарри Поттер и Принц полукровка	{"Джоан Роулинг"}	2	{магия}	\N	\N	Фантастика	2021-01-16 13:00:21+00	1	null	2	2020-09-20 17:28:31+00	\N	\N	2012	\N	\N	\N	\N	\N	a3404840-2058-4376-976e-ae67c0e9208a	6	null	\N
a6065589-4890-4030-aa65-8712af585854	Гарри Поттер и Орден Феникса	{"Джоан Роулинг"}	2	{магия}	\N	\N	Фантастика	2021-01-16 12:58:24+00	1	null	2	2020-09-20 17:29:20+00	\N	\N	2012	\N	\N	\N	\N	\N	a3404840-2058-4376-976e-ae67c0e9208a	5	null	\N
fd82acbb-1809-408f-8936-bff9027ea6ea	Гарри Поттер и Кубок Огня	{"Джоан Роулинг"}	2	{магия}	\N	\N	Фантастика	2021-01-16 13:00:03+00	1	null	2	2020-09-20 17:30:45+00	\N	\N	2012	\N	\N	\N	\N	\N	a3404840-2058-4376-976e-ae67c0e9208a	4	null	\N
18bf0a04-276c-4951-bd7a-937d27dfb355	Гарри Поттер и Узник Азкабана	{"Джоан Роулинг"}	2	{магия}	\N	\N	Фантастика	2021-01-16 12:59:42+00	1	null	2	2020-09-20 17:31:39+00	\N	\N	2012	\N	\N	\N	\N	\N	a3404840-2058-4376-976e-ae67c0e9208a	3	null	\N
8e226fb7-6f4d-4fca-97cd-704c230dc43b	Гарри Поттер и Тайная комната	{"Джоан Роулинг"}	2	{магия}	\N	\N	Фантастика	2021-01-16 12:59:16+00	1	null	2	2020-09-20 17:33:50+00	\N	\N	2012	\N	\N	\N	\N	\N	a3404840-2058-4376-976e-ae67c0e9208a	2	null	\N
aea6bf8b-33de-4901-ac61-59237f2f7ac4	Гарри Поттер и Филосовский камень	{"Джоан Роулинг"}	2	{магия}	\N	\N	Фантастика	2021-01-16 12:58:47+00	1	null	2	2020-09-20 17:36:01+00	\N	\N	2012	\N	\N	\N	\N	\N	a3404840-2058-4376-976e-ae67c0e9208a	1	null	\N
99dac402-68b3-4dfb-8999-273d428463aa	Дело белки	{"Александр Даган"}	2	{сказки,"боевая фантастика"}	\N	\N	Фантастика	2020-09-20 17:38:40+00	0	null	2	2020-09-20 17:38:40+00	\N	\N	2012	\N	\N	\N	\N	\N	\N	\N	null	\N
f1a43ca8-9b42-4422-8dd1-3fb01fc4e033	Дубровский	{"Александр Пушкин"}	2	{}	\N	\N	Повесть	2020-09-20 17:40:56+00	0	null	2	2020-09-20 17:40:56+00	\N	\N	2012	\N	\N	\N	\N	\N	\N	\N	null	\N
d8ec8d37-2e2c-43f4-b0a7-dc6002be7c03	Змееныш	{"Андрей Левицкий","Лев Жаков"}	2	{"боевая фантастика"}	\N	\N	Фантастика	2021-01-20 09:39:29+00	0	null	2	2020-09-20 17:43:53+00	\N	\N	2012	\N	\N	\N	\N	\N	fd3f8f8d-c540-4e30-b65a-cbf3f5783aed	\N	null	\N
0b858926-3cdf-43ea-af28-dd8a66be57b7	Лунь	{"Сергей Клочков"}	2	{"боевая фантастика"}	\N	\N	Фантастика	2021-01-20 09:39:19+00	0	null	2	2020-09-20 17:47:45+00	\N	\N	2012	\N	\N	\N	\N	\N	fd3f8f8d-c540-4e30-b65a-cbf3f5783aed	\N	null	\N
824d0ad2-70de-43a3-aa22-ccbdf772e1d0	Метро 2033	{"Дмитрий Глуховский"}	2	{Постапокалипсис}	\N	\N	Фантастика	2021-01-16 13:26:18+00	0	null	2	2020-09-20 17:50:34+00	\N	\N	2012	\N	\N	\N	\N	\N	03ded014-e38c-42d2-a04e-686d0c505210	1	null	\N
6a849474-3368-4ff0-9093-e6f77cba2e83	Метро 2034	{"Дмитрий Глуховский"}	2	{"боевая фантастика",постапокалипсис}	\N	\N	Фантастика	2021-01-16 13:26:32+00	0	null	2	2020-09-20 18:12:51+00	\N	\N	2012	\N	\N	\N	\N	\N	03ded014-e38c-42d2-a04e-686d0c505210	2	null	\N
a91d5a09-86e4-4618-893e-1cb83820843e	Монохром	{"Сергей Палий"}	2	{"боевая фантастика"}	\N	\N	Фантастика	2021-01-20 09:39:10+00	0	null	2	2020-09-20 18:38:05+00	\N	\N	2012	\N	\N	\N	\N	\N	fd3f8f8d-c540-4e30-b65a-cbf3f5783aed	\N	null	\N
b05095b4-f95d-47f3-9bf9-d69f27e6ce99	Пищевая цепочка	{"Виктор Ночкин"}	2	{"боевая фантастика"}	\N	\N	Фантастика	2021-01-20 09:38:58+00	0	null	2	2020-09-20 20:31:58+00	\N	\N	2012	\N	\N	\N	\N	\N	fd3f8f8d-c540-4e30-b65a-cbf3f5783aed	\N	null	\N
1e51a57b-2a1a-4872-9579-84ee3cf7f345	Прятки на осевой	{"Владимир Васильев"}	2	{"боевая фантастика"}	\N	\N	Фантастика	2021-01-20 09:35:52+00	0	null	2	2020-09-20 20:47:05+00	\N	\N	2012	\N	\N	\N	\N	\N	fd3f8f8d-c540-4e30-b65a-cbf3f5783aed	\N	null	\N
0e3bad16-193b-49b1-86d7-3f2f819eabff	Пуля Квант	{"Алексей Бобл"}	2	{"боевая фантастика"}	\N	\N	Фантастика	2021-01-20 09:36:59+00	0	null	2	2020-09-20 20:47:53+00	\N	\N	2012	\N	\N	\N	\N	\N	fd3f8f8d-c540-4e30-b65a-cbf3f5783aed	\N	null	\N
313373ed-9958-405e-8e54-de5465664ca2	Связаные зоной	{"Ежи Тумановский","Роман Куликов"}	2	{"боевая фантастика"}	\N	\N	Фантастика	2021-01-20 09:37:27+00	0	null	2	2020-09-21 06:51:23+00	\N	\N	2012	\N	\N	\N	\N	\N	fd3f8f8d-c540-4e30-b65a-cbf3f5783aed	\N	null	\N
543fdbf4-5dca-4693-b1a4-85670a98aea5	Сердце зоны	{"Андрей Левицкий"}	2	{"боевая фантастика"}	\N	\N	Фантастика	2021-01-20 09:36:40+00	0	null	2	2020-09-21 06:52:07+00	\N	\N	2012	\N	\N	\N	\N	\N	fd3f8f8d-c540-4e30-b65a-cbf3f5783aed	\N	null	\N
38797ade-6183-4dfe-8804-041cfa50389f	Слепое пятно	{"Виктор Ночкин"}	2	{"боевая фантастика"}	\N	\N	Фантастика	2021-01-20 09:36:50+00	0	null	2	2020-09-21 06:53:45+00	\N	\N	2012	\N	\N	\N	\N	\N	fd3f8f8d-c540-4e30-b65a-cbf3f5783aed	\N	null	\N
e4e1bd6d-0c24-4567-a257-32b22045900e	Таинственный остров	{"Жюль Верн"}	2	{выживание}	\N	\N	Фантастика	2020-09-21 06:54:35+00	0	null	2	2020-09-21 06:54:35+00	\N	\N	2012	\N	\N	\N	\N	\N	\N	\N	null	\N
5fd7e92a-0a16-4d4c-87a5-b639673016b3	Тайна полтергейста	{"Виктор Ночкин"}	2	{"боевая фантастика"}	\N	\N	Фантастика	2021-01-20 09:38:32+00	0	null	2	2020-09-21 06:55:12+00	\N	\N	2012	\N	\N	\N	\N	\N	fd3f8f8d-c540-4e30-b65a-cbf3f5783aed	\N	null	\N
67f023f1-c1a3-43ee-956d-328ab4e615f5	Точка падения	{"Юрий Бурнусов"}	2	{"боевая фантастика"}	\N	\N	Фантастика	2021-01-20 09:37:44+00	0	null	2	2020-09-21 07:08:20+00	\N	\N	2012	\N	\N	\N	\N	\N	fd3f8f8d-c540-4e30-b65a-cbf3f5783aed	\N	null	\N
6d6c17a8-69ce-4188-b0c7-6a2c43f5c0e2	Физика невозможного	{"Митио Каку"}	2	{Научпоп,физика}	\N	\N	Нон-фикшен	2020-10-11 23:32:56+00	0	null	2	2020-09-21 07:09:17+00	\N	\N	2012	\N	\N	\N	\N	\N	\N	\N	null	\N
0c98fb4c-3dc3-4d0c-a8fa-55c915b36641	Беглый огонь	{"Александр Зорич"}	2	{"боевая фантастика"}	\N	\N	Фантастика	2021-01-20 09:38:06+00	0	null	2	2020-09-21 07:10:55+00	\N	\N	2012	\N	\N	\N	\N	\N	fd3f8f8d-c540-4e30-b65a-cbf3f5783aed	\N	null	\N
3263cf95-bcd6-423c-b5f2-2fdb12c889f6	Бумеранг	{"Сергей Палий"}	2	{"боевая фантастика"}	\N	\N	Фантастика	2021-01-20 09:38:44+00	0	null	2	2020-09-21 07:11:20+00	\N	\N	2012	\N	\N	\N	\N	\N	fd3f8f8d-c540-4e30-b65a-cbf3f5783aed	\N	null	\N
8d619a6c-2feb-41da-a878-4027eedeb473	В зоне тумана	{"Алексей Гравицкий"}	2	{"боевая фантастика"}	\N	\N	Фантастика	2021-01-18 11:32:37+00	0	null	2	2020-09-21 07:11:57+00	\N	\N	2011	\N	\N	\N	\N	\N	fd3f8f8d-c540-4e30-b65a-cbf3f5783aed	\N	null	\N
5ae215b5-d66a-474b-ab64-bd053809ff6c	Горизонт событий	{"Сергей Недоруб"}	2	{"боевая фантастика"}	\N	\N	Фантастика	2021-01-18 11:36:05+00	0	null	2	2020-09-21 07:12:38+00	\N	\N	2011	\N	\N	\N	\N	\N	fd3f8f8d-c540-4e30-b65a-cbf3f5783aed	\N	null	\N
45663406-c95c-4901-aa43-424fcc16ca46	Зачистка	{"Алексей Гравицкий"}	2	{"боевая фантастика"}	\N	\N	Фантастика	2021-01-18 11:32:27+00	0	null	2	2020-09-21 07:13:38+00	\N	\N	2011	\N	\N	\N	\N	\N	fd3f8f8d-c540-4e30-b65a-cbf3f5783aed	\N	null	\N
eb358cd8-74bc-45f9-b86b-62e1daf54a82	Зеленая миля	{"Стивен Кинг"}	2	{}	\N	\N	Фантастика	2020-09-21 07:14:13+00	0	null	2	2020-09-21 07:14:13+00	\N	\N	2011	\N	\N	\N	\N	\N	\N	\N	null	\N
0178409f-8e15-4ffd-b7e0-3442496b96dd	Легкий способ бросить курить	{"Аллен Карр"}	2	{Курение,Здоровье}	203	203	Нон-фикшен	2021-03-17 19:38:24+00	0		2	2021-03-17 19:38:23+00	17	6	2020	\N	\N	\N	\N	\N	\N	\N	Done	01782c8d-c922-4181-a0de-3442496b96dd
017840a0-44d6-4033-befb-3442496b96dd	Легкий способ бросить курить	{"Аллен Карр"}	2	{Курение,Здоровье}	203	203	Нон-фикшен	2022-04-16 22:39:33+00	0		2	2021-03-17 19:39:10+00	1	4	2021	13	3	2021	\N	\N	\N	\N	Done	0178409f-8e15-4ffd-b7e0-3442496b96dd
01784fa8-b447-466b-a84e-3442496b96dd	Тук-тук, сердце	{"Йоханнес фон Борстель"}	2	{Анатомия,Научпоп}	251	251	Нон-фикшен	2021-03-23 19:33:09+00	0		2	2021-03-20 17:42:42+00	23	3	2021	20	3	2021	\N	\N	\N	\N	Done	\N
017859c9-1f79-423d-b7e2-3442496b96dd	Метро 2034	{"Дмитрий Глуховский"}	2	{"боевая фантастика",постапокалипсис}	0	0	Фантастика	2021-03-22 16:54:19+00	2	null	2	2021-03-22 16:54:19+00	5	10	2020	2	10	2020	\N	\N	03ded014-e38c-42d2-a04e-686d0c505210	2	Done	6a849474-3368-4ff0-9093-e6f77cba2e83
0178aa9f-271a-470d-84b0-3442496b96dd	Чистая архитектура	{"Роберт Мартин"}	2	{"Разработка ПО",программирование,Работа}	351	351	Компьютерная литература	2021-08-21 08:27:35+00	0	null	2	2021-04-07 09:37:34+00	6	6	2021	30	5	2021	\N	\N	\N	\N	Done	fefee045-0677-4939-bfd7-16ddeb9491e0
0cd388b1-29ee-47eb-a24f-8db01d302fbe	Зов припяти	{Сборник}	2	{"боевая фантастика"}	\N	\N	Фантастика	2021-01-20 09:39:38+00	0	null	2	2020-09-21 07:18:30+00	\N	\N	2012	\N	\N	\N	\N	\N	fd3f8f8d-c540-4e30-b65a-cbf3f5783aed	\N	null	\N
f6d8f5fa-136b-4bc1-b2d6-1e0ee771d430	Игра в поддавки	{"Александр Митич"}	2	{"боевая фантастика"}	\N	\N	Фантастика	2021-01-20 09:40:01+00	0	null	2	2020-09-21 07:19:17+00	\N	\N	2012	\N	\N	\N	\N	\N	fd3f8f8d-c540-4e30-b65a-cbf3f5783aed	\N	null	\N
01795207-aee4-4b81-81c8-3442496b96dd	Зелёная стрела. Год первый	{}	0	{Комиксы}	\N	\N		2021-05-09 21:48:25+00	0		21	2021-05-09 21:48:26+00	\N	\N	\N	\N	\N	\N	\N	\N	\N	\N	Done	\N
116427d6-d04d-4bc0-8a9b-8a335c5c7e07	Каратели	{"Александр Шакилов"}	2	{"боевая фантастика"}	\N	\N	Фантастика	2021-01-20 09:39:50+00	0	null	2	2020-09-21 07:20:32+00	\N	\N	2012	\N	\N	\N	\N	\N	fd3f8f8d-c540-4e30-b65a-cbf3f5783aed	\N	null	\N
b669be09-03be-4072-a107-1bc948833134	Клад стервятника	{"Александр Зорич","Сергей Челяев"}	2	{"боевая фантастика"}	\N	\N	Фантастика	2021-01-18 11:32:49+00	0	null	2	2020-09-21 07:55:52+00	\N	\N	2011	\N	\N	\N	\N	\N	fd3f8f8d-c540-4e30-b65a-cbf3f5783aed	\N	null	\N
f261bb74-88a5-4bb1-a2b1-67228594f383	Константа связи	{"Сергей Слюсаренко"}	2	{"боевая фантастика"}	\N	\N	Фантастика	2021-01-18 11:32:06+00	0	null	2	2020-09-21 08:00:04+00	\N	\N	2011	\N	\N	\N	\N	\N	fd3f8f8d-c540-4e30-b65a-cbf3f5783aed	\N	null	\N
8a8fd256-0563-44c9-bfbb-b72a16969438	Кубатура сферы	{"Сергей Слюсаренко"}	2	{"боевая фантастика"}	\N	\N	Фантастика	2021-01-18 11:31:54+00	0	null	2	2020-09-21 08:07:17+00	\N	\N	2011	\N	\N	\N	\N	\N	fd3f8f8d-c540-4e30-b65a-cbf3f5783aed	\N	null	\N
7c76be52-cde9-4265-8c82-724ff933c1c0	Ловчий желаний	{"Сергей Вольнов"}	2	{"боевая фантастика"}	\N	\N	Фантастика	2021-01-18 11:32:16+00	0	null	2	2020-09-21 08:09:23+00	\N	\N	2011	\N	\N	\N	\N	\N	fd3f8f8d-c540-4e30-b65a-cbf3f5783aed	\N	null	\N
e78fe4a9-5f25-4c2c-8aa5-c99fb5dd43c9	Охотники за счастьем	{"Александр Вороненко"}	2	{"боевая фантастика"}	\N	\N	Фантастика	2021-01-18 11:34:09+00	0	null	2	2020-09-21 08:10:08+00	\N	\N	2011	\N	\N	\N	\N	\N	fd3f8f8d-c540-4e30-b65a-cbf3f5783aed	\N	null	\N
b6ce1b0e-c62a-4e72-a802-dbf187e29f66	Охотники на мутантов	{"Андрей Левицкий","Лев Жаков"}	2	{"боевая фантастика"}	\N	\N	Фантастика	2021-01-18 11:33:30+00	0	null	2	2020-09-21 08:11:15+00	\N	\N	2011	\N	\N	\N	\N	\N	fd3f8f8d-c540-4e30-b65a-cbf3f5783aed	\N	null	\N
804abdb6-954d-4e1b-b606-45f8d2bb6a34	Ведьмак. Меч предназначение.	{"Анджей Сапковский"}	2	{Ведьмак}	\N	\N	Фантастический роман	2020-10-16 10:30:20.443762+00	0	\N	14	2020-10-12 18:55:08+00	\N	\N	\N	\N	\N	\N	\N	\N	\N	\N	\N	\N
3035e893-af07-4601-9c59-5e6ef62aa391	Полет кондора	{"Владимир Лещенко"}	2	{"боевая фантастика"}	\N	\N	Фантастика	2021-01-18 11:31:42+00	0	null	2	2020-09-21 08:12:11+00	\N	\N	2011	\N	\N	\N	\N	\N	fd3f8f8d-c540-4e30-b65a-cbf3f5783aed	\N	null	\N
44a77cb8-d48a-42ea-abdf-b8f7dad60f7e	Полураспад	{"Александр Зорич"}	2	{"боевая фантастика"}	\N	\N	Фантастика	2021-01-18 11:35:48+00	0	null	2	2020-09-21 08:12:47+00	\N	\N	2011	\N	\N	\N	\N	\N	fd3f8f8d-c540-4e30-b65a-cbf3f5783aed	\N	null	\N
1e51f629-b358-4f86-ada7-85281bd14903	Сага смерти: Мгла	{"Андрей Левицкий"}	2	{"боевая фантастика"}	\N	\N	Фантастика	2021-01-22 08:57:41+00	0	null	2	2020-09-21 08:13:41+00	\N	\N	2011	\N	\N	\N	\N	\N	fd3f8f8d-c540-4e30-b65a-cbf3f5783aed	\N	null	\N
b831adfe-daa5-4f83-a44c-2e4c75503c89	Сектор обстрела	{"Василий Орехов"}	2	{"боевая фантастика"}	\N	\N	Фантастика	2021-01-18 11:33:01+00	0	null	2	2020-09-21 08:14:37+00	\N	\N	2011	\N	\N	\N	\N	\N	fd3f8f8d-c540-4e30-b65a-cbf3f5783aed	\N	null	\N
e342886e-af05-48f4-ba3c-34e89518c4d2	Маленький принц	{"Антуан Де-Сент Экзюпери"}	2	{}	\N	\N		2020-10-02 11:23:15+00	0	\N	9	2020-10-02 11:23:53.395998+00	7	3	2020	5	3	2020	\N	\N	\N	\N	\N	\N
f47cee8e-8059-4b2e-bd55-45cc06b56395	Мятная Сказка	{"Александр Полярный"}	2	{}	\N	\N		2020-10-02 11:25:06+00	0	\N	9	2020-10-02 11:25:44.446053+00	\N	\N	\N	\N	\N	\N	\N	\N	\N	\N	\N	\N
bf51c53b-2572-410b-a9b9-1be0f569da9a	Мужчины с Марса, женщины с Венеры	{"Джон Грэй"}	1	{}	\N	\N	Психология	2020-10-03 09:40:57+00	0	\N	11	2020-10-03 09:40:57.179019+00	\N	\N	\N	\N	8	2020	2017	\N	\N	\N	\N	\N
f3e0a2c4-65d1-4c2f-a210-afc6879ab9db	Хозяин янтаря	{"Александр Шакилов"}	2	{"боевая фантастика"}	\N	\N	Фантастика	2021-01-18 11:34:35+00	0	null	2	2020-09-21 08:15:17+00	\N	\N	2011	\N	\N	\N	\N	\N	fd3f8f8d-c540-4e30-b65a-cbf3f5783aed	\N	null	\N
2f765e64-88af-4048-9a44-b2bf1cece25a	Воины зоны	{"Алексей Бобл"}	2	{"боевая фантастика"}	\N	\N	Фантастика	2021-01-18 11:31:21+00	0	null	2	2020-09-21 08:16:09+00	\N	\N	2010	\N	\N	\N	\N	\N	fd3f8f8d-c540-4e30-b65a-cbf3f5783aed	\N	null	\N
795cc9fb-2512-4549-9ece-affe6e664e3b	Контрольный выброс	{"Андрей Ливадный"}	2	{"боевая фантастика"}	\N	\N	Фантастика	2021-01-18 11:31:08+00	0	null	2	2020-09-21 08:58:40+00	\N	\N	2010	\N	\N	\N	\N	\N	fd3f8f8d-c540-4e30-b65a-cbf3f5783aed	\N	null	\N
9e412db7-2b2a-4b02-9293-28c417324e87	Песочные часы	{"Сергей Недоруб"}	2	{"боевая фантастика"}	\N	\N	Фантастика	2021-01-18 11:30:57+00	0	null	2	2020-09-21 09:05:57+00	\N	\N	2010	\N	\N	\N	\N	\N	fd3f8f8d-c540-4e30-b65a-cbf3f5783aed	\N	null	\N
38fab0a9-8f96-4b86-a14b-00359a56bb50	Пустые земли	{"Алексей Калугин"}	2	{"боевая фантастика"}	\N	\N	Фантастика	2021-01-18 11:29:40+00	0	null	2	2020-09-21 09:06:42+00	\N	\N	2010	\N	\N	\N	\N	\N	fd3f8f8d-c540-4e30-b65a-cbf3f5783aed	\N	null	\N
c84f50b1-a612-4066-b255-632763c4f8c0	Свинцовый закат	{"Роман Глушков"}	2	{"боевая фантастика"}	\N	\N	Фантастика	2021-01-18 11:30:12+00	0	null	2	2020-09-21 09:07:55+00	\N	\N	2010	\N	\N	\N	\N	\N	fd3f8f8d-c540-4e30-b65a-cbf3f5783aed	\N	null	\N
6ece6bdd-a8df-430d-b9c6-96345fd9543e	Тринадцатый сектор	{"Вячеслав Шалыгин"}	2	{"боевая фантастика"}	\N	\N	Фантастика	2021-01-18 11:29:52+00	0	null	2	2020-09-21 09:08:31+00	\N	\N	2010	\N	\N	\N	\N	\N	fd3f8f8d-c540-4e30-b65a-cbf3f5783aed	\N	null	\N
f34812fe-2fc7-4413-b87a-8a192701283b	Чистое небо	{Сборник}	2	{"боевая фантастика"}	\N	\N	Фантастика	2021-01-18 11:30:01+00	0	null	2	2020-09-21 09:09:00+00	\N	\N	2010	\N	\N	\N	\N	\N	fd3f8f8d-c540-4e30-b65a-cbf3f5783aed	\N	null	\N
017bf826-99b4-4117-9729-3442496b96dd	Энхиридион	{Эпиктет}	2	{}	402	402		2021-11-08 21:18:39+00	0		2	2021-09-18 14:04:46+00	24	9	2021	17	9	2021	0	\N	\N	\N	Done	\N
f45e8c81-661e-451f-9748-1468a2d39ffe	Выбор оружия	{"Андрей Левицкий"}	2	{"боевая фантастика"}	\N	\N	Фантастика	2021-01-18 10:26:46+00	0	null	2	2020-09-21 09:09:36+00	\N	\N	2009	\N	\N	\N	\N	\N	fd3f8f8d-c540-4e30-b65a-cbf3f5783aed	\N	null	\N
a06f5a63-0711-407e-86cf-5f0168c0134d	Крещение огнем	{}	2	{}	\N	\N	Фантастический роман	2020-10-16 10:27:08+00	0	\N	14	2020-10-16 10:27:16.14669+00	\N	\N	\N	\N	\N	\N	1996	\N	\N	\N	\N	\N
193fb672-cc78-4235-a607-09a777255203	Дезертир	{"Алексей Степанов"}	2	{"боевая фантастика"}	\N	\N	Фантастика	2021-01-18 10:25:56+00	0	null	2	2020-09-21 09:09:59+00	\N	\N	2009	\N	\N	\N	\N	\N	fd3f8f8d-c540-4e30-b65a-cbf3f5783aed	\N	null	\N
151d4824-9316-456b-a4fe-178a5eac04d5	Сильмариллион	{}	2	{}	\N	\N	Фєнтези	2020-10-12 08:29:23+00	0	\N	12	2020-10-12 08:29:25.214107+00	23	8	2019	15	8	2019	1975	\N	\N	\N	\N	\N
0f452ae1-05b4-4f6f-908e-57bbcac63783	Петр Первый	{}	2	{}	\N	\N	Исторический роман	2020-10-12 08:30:41+00	0	\N	13	2020-10-12 08:30:43.831589+00	\N	\N	\N	\N	\N	\N	\N	\N	\N	\N	\N	\N
2a6e6b5d-2ed8-46ad-8403-b245e573ba69	Приключения Тома Сойера	{}	2	{}	\N	\N		2020-10-12 08:31:15+00	0	\N	13	2020-10-12 08:31:17.047753+00	\N	\N	\N	\N	\N	\N	\N	\N	\N	\N	\N	\N
6219ff80-c740-4566-a119-836214425c64	Спроси маму: Как общаться с клиентами и подтвердить правоту своей бизнес-идеи, если все кругом врут?	{}	1	{}	100	200	Зарубежная деловая литература	2020-10-12 09:20:50.90526+00	1	\N	15	2020-10-12 08:50:59+00	\N	\N	\N	15	9	2020	2017	\N	\N	\N	\N	\N
6e18a798-0627-4bd9-b634-2159101b2d64	Инферно	{}	2	{}	\N	\N	Роман	2020-10-12 18:51:10+00	0	\N	14	2020-10-12 18:51:17.879935+00	\N	\N	\N	\N	\N	\N	\N	\N	\N	\N	\N	\N
02081fb1-82fe-4c07-ad3d-88fa9e5b68d6	Утраченные символ	{}	2	{}	\N	\N	Роман	2020-10-12 18:51:55.531621+00	0	\N	14	2020-10-12 18:50:14+00	\N	\N	\N	\N	\N	\N	2009	\N	\N	\N	\N	\N
025ae54e-fba9-4e7b-8b69-44888a952c30	Башня ласточки	{}	2	{}	\N	\N	\N	2020-10-16 10:27:46+00	0	\N	14	2020-10-16 10:27:54.414868+00	\N	\N	\N	\N	\N	\N	1997	\N	\N	\N	\N	\N
b68e8b5a-ed4c-4d73-8015-c960c67ac714	Владычица озера	{}	2	{}	\N	\N	\N	2020-10-16 10:28:01+00	0	\N	14	2020-10-16 10:28:09.272565+00	\N	\N	\N	\N	\N	\N	1998	\N	\N	\N	\N	\N
e32b35ed-017d-4792-ac57-02f11b027494	Дом на болоте	{"Алексей Калугин"}	2	{"боевая фантастика"}	\N	\N	Фантастика	2021-01-18 10:25:10+00	0	null	2	2020-09-21 09:10:26+00	\N	\N	2009	\N	\N	\N	\N	\N	fd3f8f8d-c540-4e30-b65a-cbf3f5783aed	\N	null	\N
84ebc464-64fe-4793-ac75-de160b2d3a37	Зона поражения	{"Василий Орехов"}	2	{"боевая фантастика"}	\N	\N	Фантастика	2021-01-18 10:26:23+00	0	null	2	2020-09-21 09:10:51+00	\N	\N	2009	\N	\N	\N	\N	\N	fd3f8f8d-c540-4e30-b65a-cbf3f5783aed	\N	null	\N
cca3eab9-bdff-4be6-9429-addcbf67eebe	Линия огня	{"Василий Орехов"}	2	{"боевая фантастика"}	\N	\N	Фантастика	2021-01-18 10:26:08+00	0	null	2	2020-09-21 09:11:13+00	\N	\N	2009	\N	\N	\N	\N	\N	fd3f8f8d-c540-4e30-b65a-cbf3f5783aed	\N	null	\N
682fcaf7-1d5a-4c70-ba3f-d6bbe41824fe	Мечта на поражение	{"Алексей Калугин"}	2	{"боевая фантастика"}	\N	\N	Фантастика	2021-01-18 10:24:37+00	0	null	2	2020-09-21 09:11:49+00	\N	\N	2009	\N	\N	\N	\N	\N	fd3f8f8d-c540-4e30-b65a-cbf3f5783aed	\N	null	\N
3263d84c-1be5-4e4f-9583-b8e1f9c3378d	Обратный отсчет	{"Вячеслав Шалыгин"}	2	{"боевая фантастика"}	\N	\N	Фантастика	2021-01-18 10:25:43+00	0	null	2	2020-09-21 09:12:29+00	\N	\N	2009	\N	\N	\N	\N	\N	fd3f8f8d-c540-4e30-b65a-cbf3f5783aed	\N	null	\N
3b4b0a7f-99ed-4786-9561-83b5da4ab2b9	Сердце Зоны	{"Андрей Левицкий"}	2	{"боевая фантастика"}	\N	\N	Фантастика	2021-01-18 10:26:34+00	0	null	2	2020-09-21 09:13:05+00	\N	\N	2009	\N	\N	\N	\N	\N	fd3f8f8d-c540-4e30-b65a-cbf3f5783aed	\N	null	\N
049b7500-ee1c-412e-be62-18142520802a	Ведьмак. Последнее желание.	{"Анджей Сапковский"}	2	{Ведьмак}	\N	\N	Фантастический роман	2020-10-16 10:29:40.539185+00	0	\N	14	2020-10-12 18:53:58+00	\N	\N	\N	\N	\N	\N	1997	\N	\N	\N	\N	\N
44877094-8b24-4242-8de3-e83184429d77	Тени Чернобыля	{Сборник}	2	{"боевая фантастика"}	\N	\N	Фантастика	2021-01-18 10:27:25+00	0	null	2	2020-09-21 09:14:00+00	\N	\N	2009	\N	\N	\N	\N	\N	fd3f8f8d-c540-4e30-b65a-cbf3f5783aed	\N	null	\N
0febb80d-2d43-4c3b-baf1-2f678b512ad0	Холодная кровь	{"Роман Глушков"}	2	{"боевая фантастика"}	\N	\N	Фантастика	2021-01-18 10:27:12+00	0	null	2	2020-09-21 09:14:41+00	\N	\N	2009	\N	\N	\N	\N	\N	fd3f8f8d-c540-4e30-b65a-cbf3f5783aed	\N	null	\N
fca3bad1-c7e9-424e-9068-80ced4c9a31b	Черный ангел	{"Вячеслав Шалыгин"}	2	{"боевая фантастика"}	\N	\N	Фантастика	2021-01-18 10:25:26+00	0	null	2	2020-09-21 09:15:58+00	\N	\N	2009	\N	\N	\N	\N	\N	fd3f8f8d-c540-4e30-b65a-cbf3f5783aed	\N	null	\N
6b8e92f4-dba7-4d9a-b259-aa278df5e761	Эпицентр удачи	{"Янковский Д."}	2	{"боевая фантастика"}	\N	\N	Фантастика	2021-01-18 10:26:58+00	0	null	2	2020-09-21 09:16:45+00	\N	\N	2009	\N	\N	\N	\N	\N	fd3f8f8d-c540-4e30-b65a-cbf3f5783aed	\N	null	\N
cebe70db-7e83-4621-881f-c7cb5b36fb8f	Артур и война двух миров	{"Люк Бессон"}	2	{}	\N	\N	Фантастика	2021-02-07 17:19:37+00	0	null	2	2020-09-21 09:17:22+00	\N	\N	2007	\N	\N	\N	\N	\N	0e5930fd-8477-4311-9e00-2eb73bda6fa5	4	null	\N
bf5f9269-853a-4894-a379-f9aa7c9ed85a	Кровь эльфов	{"Анджей Сапковский"}	2	{}	\N	\N	Фантастический роман	2020-10-16 10:26:07+00	0	\N	14	2020-10-16 10:26:16.61589+00	\N	\N	\N	\N	\N	\N	1994	\N	\N	\N	\N	\N
5dc16aff-96cc-4414-a361-a1de6e520062	Час презрения	{}	2	{Ведьмак}	\N	\N	Фантастический роман	2020-10-16 10:26:40+00	0	\N	14	2020-10-16 10:26:47.746403+00	\N	\N	\N	\N	\N	\N	1995	\N	\N	\N	\N	\N
44384117-0f57-4375-8eb2-83e2e2612b11	Артур и Запретный город	{"Люк Бессон"}	2	{}	\N	\N	Фантастика	2021-01-17 00:50:07+00	0	null	2	2020-09-21 09:17:58+00	\N	\N	2007	\N	\N	\N	\N	\N	0e5930fd-8477-4311-9e00-2eb73bda6fa5	3	null	\N
5dd64619-d9bc-44f6-b4c6-8e7730163770	Артур и месть Урдалака	{"Люк Бессон"}	2	{}	\N	\N	Фантастика	2021-01-17 00:49:53+00	0	null	2	2020-09-21 09:18:24+00	\N	\N	2007	\N	\N	\N	\N	\N	0e5930fd-8477-4311-9e00-2eb73bda6fa5	2	null	\N
15918ce3-557b-436e-a90a-fccc9be30c6d	Артур и минипуты	{"Люк Бессон"}	2	{}	\N	\N	Фантастика	2021-01-17 00:49:37+00	0	null	2	2020-09-21 09:18:49+00	\N	\N	2007	\N	\N	\N	\N	\N	0e5930fd-8477-4311-9e00-2eb73bda6fa5	1	null	\N
31eca6ba-ad40-4ac0-bc2c-5f1d7239dc28	Сердце дезертира	{"Алексей Степанов"}	2	{"боевая фантастика"}	\N	\N	Фантастика	2021-01-20 09:36:25+00	0	null	2	2020-09-21 17:55:27+00	\N	\N	2012	\N	\N	\N	\N	\N	fd3f8f8d-c540-4e30-b65a-cbf3f5783aed	\N	null	\N
37b818f6-7ecc-4d7d-aa92-9645f828c9b4	Пост (Сезон 1)	{"Дмитрий Глуховский"}	2	{Постапокалипсис,технотриллер,ужасы,религия}	6	10	Фантастика	2021-09-25 08:49:05+00	2	null	2	2020-09-21 22:25:30+00	23	9	2020	21	9	2020	2019	\N	017c1b10-3473-4a51-8fa4-3442496b96dd	1	Done	\N
b59fc5d8-329f-4089-a04d-2ff7562634d2	Метро 2035	{"Дмитрий Глуховский"}	2	{Постапокалипсис,технотриллер,ужасы}	880	899	Фантастика	2021-01-16 13:27:25+00	2	null	2	2020-09-24 06:12:55+00	27	9	2020	24	9	2020	2015	\N	03ded014-e38c-42d2-a04e-686d0c505210	3	null	\N
e496ec98-42e8-4597-aa83-783cbf09bafa	Текст	{"Дмитрий Глуховский"}	2	{Месть,правосудие,Технологии,Тюрьма}	752	752	Драма	2021-02-04 08:51:14+00	2	null	2	2020-09-27 21:58:05+00	4	2	2021	31	1	2021	2017	\N	\N	\N	null	\N
db0391e7-da7b-41c4-ba59-ff268fe831aa	Защита от темных искусств	{"Александр Панчин"}	2	{Наука,разоблачение,мистика,приметы}	653	653	Нон-фикшен	2020-10-11 23:30:10+00	2	null	2	2020-09-27 22:02:40+00	2	10	2020	28	9	2020	2018	\N	\N	\N	null	\N
797a836c-b20a-4520-a7c2-7249f7aa7e44	Вскрытие покажет	{}	1	{}	35	309		2020-10-23 08:05:05+00	0	\N	9	2020-10-23 08:05:18.264846+00	\N	\N	\N	23	10	2020	2020	\N	\N	\N	\N	\N
bbebd3fe-50e0-4576-9242-beee52704e68	Жлобология	{"Алексей Марков"}	2	{Деньги,Экономика}	408	408	Нон-фикшен	2020-10-11 23:29:52+00	2	null	2	2020-09-27 22:07:41+00	9	10	2020	5	10	2020	2020	\N	\N	\N	null	\N
98233402-6e9a-42ed-83ea-35a4ca29c8db	Скотский бунт	{"Николай Костомаров"}	2	{Антиутопия,сатира}	\N	\N	Классика	2020-09-28 06:52:53+00	2	null	2	2020-09-28 06:52:53+00	16	6	2020	\N	\N	\N	\N	\N	\N	\N	null	\N
fdde4c31-8294-437c-bcf1-7dd17e5462aa	Сумма биотехнологий	{"Александр Панчин"}	2	{Научпоп,Генетика,Биология}	702	702	Нон-фикшен	2020-11-02 08:35:09+00	2	null	2	2020-10-05 19:48:15+00	31	10	2020	21	10	2020	2016	\N	\N	\N	null	\N
ecfae00c-6c42-47c9-bf13-e851e399facb	Ведьмы, карта, карабин	{"Андрей Круз","Павел Корнев"}	2	{"Боевая фантастика",Постапокалипсис,Приграничье,Попаданцы,"Другие миры",Магия}	833	833	Фантастика	2021-04-24 07:16:37+00	1	null	2	2020-10-06 18:42:10+00	1	11	2020	18	10	2020	\N	\N	0a38be07-8298-4253-9adf-bb2b3bab0e07	3	Done	\N
50a3a480-c1d6-441d-b4a4-497357284ae9	Хроники Нарнии	{}	2	{}	\N	\N		2020-11-15 07:19:23+00	0	\N	9	2020-11-15 07:19:44.520289+00	\N	\N	2020	\N	\N	2020	\N	\N	\N	\N	\N	\N
832b8e67-f425-4cbf-8e6c-b351ed6a3e4c	тук тук сердце	{}	2	{}	\N	\N		2020-11-15 07:20:46+00	0	\N	9	2020-11-15 07:21:06.702366+00	31	8	2020	24	8	2020	2020	\N	\N	\N	\N	\N
757a6143-5e76-448d-8100-f032f9e03de3	Короткое лето	{"Андрей Круз","Павел Корнев"}	2	{"Боевая фантастика",Постапокалипсис,"Другие миры",Магия,Попаданцы}	784	784	Фантастика	2021-07-19 20:51:02+00	1	null	2	2020-10-06 18:43:03+00	14	11	2020	1	11	2020	\N	\N	0a38be07-8298-4253-9adf-bb2b3bab0e07	4	Done	\N
26416632-9fc9-4b2f-9368-93715ef9ac2b	Крабы-убийцы	{"Гай Смит"}	2	{Монстры,Море}	774	774	Ужасы	2020-10-14 19:19:17+00	2	null	2	2020-10-09 22:01:49+00	14	10	2020	9	10	2020	2020	\N	\N	\N	null	\N
c88ebdd4-5d7f-46f0-bd07-7249804432d5	Кровавые хроники	{"Николай Модестов"}	2	{Маньяки,Криминал,"Серийные убийцы",Россия,СССР}	720	720	Нон-фикшен	2020-10-20 10:15:44+00	2	null	2	2020-10-11 23:29:32+00	20	10	2020	14	10	2020	2019	\N	\N	\N	null	\N
7cff095f-5c64-410c-afc2-c3affa68fa21	Своя игра	{"Андрей Круз","Мария Круз"}	2	{"Боевая фантастика",Ар-Деко,Мафия,Криминал}	633	633	Фантастика	2021-01-16 13:59:23+00	1	null	2	2020-10-15 19:21:07+00	23	11	2020	14	11	2020	\N	\N	0f23501f-9d97-4ca6-9308-eb977ff434e4	2	null	\N
b61a5a42-7ed4-4a15-a48f-8de3d574a1d3	Ликвидаторы	{"Павел Корнев"}	2	{Магия,"Боевая фантастика","Другие миры",Приграничье,Попаданцы}	100	100	Фантастика	2020-10-17 17:33:49+00	2	null	2	2020-10-16 13:34:13+00	17	10	2020	17	10	2020	2017	\N	\N	\N	null	\N
76202b17-87b7-4679-9ccc-f982bed14dd3	Немного огня	{"Павел Корнев"}	2	{"Боевая фантастика",Постапокалипсис,"Другие миры",Приграничье,Магия,Попаданцы}	79	79	Фантастика	2020-10-18 10:11:10+00	2	null	2	2020-10-18 08:50:45+00	18	10	2020	18	10	2020	\N	\N	\N	\N	null	\N
d9695621-7c77-4dc7-b110-5912f1b270c9	Рассказы: Горючка, Литр, Аутодафе	{"Павел Корнев"}	2	{"Боевая фантастика",Магия,Постапокалипсис,"Другие миры",Попаданцы,Приграничье}	75	75	Фантастика	2020-10-18 20:13:49+00	2	null	2	2020-10-18 14:28:11+00	18	10	2020	18	10	2020	\N	\N	\N	\N	null	\N
f976b8c7-968e-455a-84e2-d2db49d5cb16	280 дней до вашего рождения	{}	2	{}	\N	\N	медицина	2020-11-13 15:10:34+00	0	\N	9	2020-11-13 15:10:55.215009+00	12	11	2020	6	11	2020	2020	\N	\N	\N	\N	\N
15d2203c-0225-41b0-beab-ed8046b25d52	Программирование на F#	{"Крис Смит"}	2	{.Net,Программирование,"Языки программирования",F#}	436	436	Компьютерная литература	2020-11-11 15:14:52+00	0	null	2	2020-10-20 15:45:36+00	11	11	2020	20	10	2020	\N	\N	\N	\N	null	\N
017bf902-1651-43eb-b11e-3442496b96dd	В окопах Сталинграда	{"Виктор Некрасов"}	0	{}	\N	\N		2021-09-18 18:04:28+00	0		2	2021-09-18 18:04:30+00	\N	\N	\N	\N	\N	\N	\N	\N	\N	\N	Done	\N
a22f33b5-eac2-4317-81af-4a17553cb50d	Мозг. Инструкция по применению	{}	2	{}	\N	\N		2021-01-18 18:59:38.042081+00	0	\N	9	2021-01-06 09:35:16.617051+00	18	1	2021	18	1	2021	\N	\N	\N	\N	\N	\N
2b93f896-9a7d-4484-8f2a-df1b9b8f8af8	Исход	{"Андрей Круз","Мария Круз"}	2	{"Земля лишних","Боевая фантастика",Попаданцы,"Другие миры"}	932	932	Фантастика	2021-01-16 14:00:29+00	1	null	2	2020-10-20 19:22:21+00	12	12	2020	23	11	2020	\N	\N	1ead99ca-5273-4279-a894-5bf7bf151e89	1	null	\N
ff272099-f481-487e-8b3c-79d43bb87626	Голодные игры	{}	0	{}	\N	\N		2021-01-06 09:33:56+00	0	\N	9	2021-01-06 09:34:32.834541+00	\N	\N	\N	\N	\N	\N	\N	\N	\N	\N	\N	\N
37d5257f-329e-473b-abf6-15c0905fb55e	Дом странных детей	{}	0	{}	\N	\N		2021-01-06 09:34:26+00	0	\N	9	2021-01-06 09:35:00.365167+00	\N	\N	\N	\N	\N	\N	\N	\N	\N	\N	\N	\N
ea1d5ce3-aa88-4ec9-8e9e-92e8f5642bf1	Гарри Поттер. Принц полукровка	{}	0	{}	\N	\N		2021-01-06 09:36:33+00	0	\N	9	2021-01-06 09:37:08.739731+00	\N	\N	\N	\N	\N	\N	\N	\N	\N	\N	\N	\N
a679145b-5c74-48fc-b0a3-46bbf1635224	благие знамения	{}	0	{}	\N	\N		2021-01-06 09:42:42+00	0	\N	9	2021-01-06 09:43:17.450116+00	\N	\N	\N	\N	\N	\N	\N	\N	\N	\N	\N	\N
708849d7-9a64-414a-9540-062221aa4edc	драконы моря	{}	0	{}	\N	\N		2021-01-06 09:43:51+00	0	\N	9	2021-01-06 09:44:26.593279+00	\N	\N	\N	\N	\N	\N	\N	\N	\N	\N	\N	\N
75835736-ce49-4322-9894-8e4fa2062c77	кокаиновые короли	{}	0	{}	\N	\N		2021-01-06 09:44:10+00	0	\N	9	2021-01-06 09:44:44.444588+00	\N	\N	\N	\N	\N	\N	\N	\N	\N	\N	\N	\N
386b7fbb-6da2-43ba-9759-96243e6541c6	Интерфейс. Основы проектирования взаимодействия	{"Алан Купер","Роберт Рейман","Дэвид Кронин","Кристофер Носсел"}	2	{Дизайн,Интерфейс,"Разработка ПО"}	719	719	Компьютерная литература	2020-11-15 13:49:10+00	0	В полне вероятно не стоило приобретать. Книга явно не моего профиля.	2	2020-10-26 12:53:07+00	15	11	2020	26	10	2020	2019	\N	\N	\N	null	\N
bdfa9b52-8e74-450c-868d-0eb5f9aa1ce7	черновик	{}	0	{}	\N	\N		2021-01-06 09:45:29+00	0	\N	9	2021-01-06 09:46:04.38743+00	\N	\N	\N	\N	\N	\N	\N	\N	\N	\N	\N	\N
8c598709-7079-4774-bf73-092ed4197cf5	Дневник Гуантанамо	{"Мохаммед ульд Слахи"}	2	{Тюрьма}	814	814	Нон-фикшен	2020-11-15 15:24:37+00	2	null	2	2020-11-02 08:33:13+00	15	11	2020	2	11	2020	\N	\N	\N	\N	null	\N
28c41e9f-ee86-4499-bad6-df4e4ac739f8	марсианин	{}	0	{}	\N	\N		2021-01-06 09:45:45+00	0	\N	9	2021-01-06 09:46:19.546014+00	\N	\N	\N	\N	\N	\N	\N	\N	\N	\N	\N	\N
5195c82e-569f-43a3-88fc-8ea847966d3a	Побег	{"Андрей Круз"}	2	{"Земля лишних","боевая фантастика",попаданцы,"другие миры"}	714	714	Фантастика	2022-09-25 19:00:16.522758+00	1		2	2020-10-01 20:37:04+00	10	10	2020	1	10	2020	2017	\N	17ed625b-583e-47f1-83e7-f645dc591fba	1	null	\N
55b7aace-ce33-477e-ac04-ed94b331a58e	Скандинавская мифология	{"Александра Баркова"}	2	{История,Религия,Боги,Герои}	180	180	Нон-фикшен	2020-11-17 08:08:06+00	2	null	2	2020-11-15 17:21:07+00	17	11	2020	15	11	2020	\N	\N	\N	\N	null	\N
8a86a17f-5617-4f19-8d59-cddc1086d38b	20 тысяч обе под водой	{}	0	{}	\N	\N		2021-01-06 09:46:14+00	0	\N	9	2021-01-06 09:46:48.382166+00	\N	\N	\N	\N	\N	\N	\N	\N	\N	\N	\N	\N
458c73a0-80b5-4ddd-a17b-99ba00841d6a	Часть Европы. История Российского производства. От истоков до монгольского нашествия	{"Борис Акунин"}	2	{История,Россия}	753	753	Нон-фикшен	2021-01-21 17:17:33+00	2	null	2	2020-11-18 01:08:00+00	25	11	2020	17	11	2020	\N	\N	c39273fd-c77f-4b7d-96d1-2e6d99fe7005	1	null	\N
41878a6f-4b9c-4866-ac44-e33afa38ed2f	Вот холера	{"Анна Хоружая","Алексей Паевский"}	2	{Медицина,Научпоп,Вирусы}	288	376	История	2020-12-01 11:54:33+00	2		2	2020-11-28 10:58:37+00	1	12	2020	26	11	2020	2020	\N	\N	\N	null	\N
714bdd8d-2874-469f-b740-a4d8ef5d54f7	Кокаиновые короли	{"Джефф Лин","Гай Гульотта"}	2	{Мафия,Биография,Наркотики}	491	491	Биография	2020-12-05 08:38:33+00	2		2	2020-12-04 05:19:39+00	5	12	2020	1	12	2020	2015	\N	\N	\N	null	\N
0ef7eeae-2291-4fba-b24b-41578cb099a5	Часть Азии. Ордынский период	{"Борис Акунин"}	2	{История,Россия}	680	680	Нон-фикшен	2021-01-16 15:14:30+00	2		2	2020-12-09 00:11:55+00	13	12	2020	5	12	2020	\N	\N	c39273fd-c77f-4b7d-96d1-2e6d99fe7005	2	null	\N
89cf20fe-5ae8-4713-ba93-f306ad1e536b	Хулиномика	{"Алексей Марков"}	2	{Экономика}	715	715	Нон-фикшен	2020-12-20 09:03:28+00	2		2	2020-12-15 16:09:05+00	20	12	2020	13	12	2020	\N	\N	\N	\N	null	\N
02850fd7-a831-4fa6-8f2e-3f5ac9fd0b0e	Боевые ножи	{"Виктор Шунков"}	2	{Оружие,Ножи,История}	257	257	Нон-фикшен	2020-12-17 19:43:38+00	1		2	2020-12-15 17:47:09+00	17	12	2020	12	12	2020	\N	\N	\N	\N	null	\N
1fcce02d-8c1c-4cb2-a1ce-c9c9d0f74e66	Harry Potter and the Sorcerers Stone	{"Джоан Роулинг"}	2	{Магия,Монстры}	316	316	Фэнтези	2021-01-04 00:51:31+00	1		2	2020-12-22 07:05:21+00	4	1	2021	18	12	2020	\N	\N	\N	\N	null	\N
ffdeef56-0ec7-465e-8a44-95c674160ec7	Драконы моря	{"Франц Гуннар Бенгтссон"}	2	{Море,Викинги,История}	1039	1039	История	2021-08-23 21:31:10+00	2		2	2020-12-23 12:05:06+00	31	12	2020	24	12	2020	\N	\N	\N	\N	Done	\N
e37983fd-c7cc-4ea8-9084-b07f316ba554	Псевдонаука	{"Леонид Подымов"}	2	{Научпоп}	618	618	Нон-фикшен	2021-03-16 17:56:58+00	2		2	2021-01-05 03:36:35+00	11	1	2021	2	1	2021	\N	\N	\N	\N	Done	\N
91bd5f56-deab-4351-b3c5-9f88e0e992cd	13 монстров	{Сборник}	2	{Монстры}	468	468	Ужасы	2021-01-07 17:32:33+00	1		2	2021-01-05 07:30:02+00	7	1	2021	4	1	2021	2018	\N	\N	\N	null	\N
8f2b39eb-a521-4d13-b359-ad5e3bb03116	Гарри Поттер и Проклятое Дитя	{"Джоан Роулинг"}	2	{Магия}	352	352	Фэнтези	2021-02-08 07:14:11+00	2		2	2021-01-10 18:40:15+00	8	2	2021	31	12	2020	\N	\N	a3404840-2058-4376-976e-ae67c0e9208a	8	null	\N
b0ccf295-3213-4968-94f7-780e2593af57	Homo sapiens? Как мы все про***ли	{"Том Филлипс"}	2	{Научпоп,Эволюция}	510	510	Нон-фикшен	2021-01-18 21:24:45+00	2		2	2021-01-12 08:04:09+00	18	1	2021	12	1	2021	\N	\N	\N	\N	null	\N
3b3068a9-9c2e-47fe-9fe6-2c9788384590	Аврал	{"Эдуард Овечкин"}	2	{"Подводные лодки",Море,Армия,Юмор}	532	532	Морская художественная литература	2021-05-09 06:58:05+00	2		2	2021-01-18 21:30:33+00	21	1	2021	18	1	2021	2017	\N	2283c4fa-d331-4f40-906e-e7c604a6f606	3	Done	\N
9d501e84-206f-4986-81ab-960fbd8b1e55	Акулы из стали	{"Эдуард Овечкин"}	2	{Армия,Море,Юмор,"Подводные лодки"}	472	472	Морская художественная литература	2021-05-09 06:57:46+00	2		2	2021-01-20 20:22:12+00	23	1	2021	21	1	2021	2016	\N	2283c4fa-d331-4f40-906e-e7c604a6f606	1	Done	\N
e35fc0dd-4a7e-41dc-aa61-cf4e3a05ac22	Ноябрь	{"Эдуард Овечкин"}	2	{Армия,Море,Юмор,"Подводные лодки"}	460	460	Морская художественная литература	2021-05-09 06:58:20+00	2		2	2021-01-20 20:25:01+00	25	1	2021	23	1	2021	2020	\N	2283c4fa-d331-4f40-906e-e7c604a6f606	5	Done	\N
42bc4bb4-bc8b-46ed-9cfc-0e1609c41d09	Туман	{"Эдуард Овечкин"}	2	{Море,Юмор,Армия,"Подводные лодки"}	538	538	Морская художественная литература	2021-05-11 07:31:41+00	2		2	2021-01-20 20:25:44+00	28	1	2021	25	1	2021	2017	\N	2283c4fa-d331-4f40-906e-e7c604a6f606	2	Done	\N
38dfd593-2f50-4f74-aa69-189e5911a45e	Последний поход	{"Эдуард Овечкин"}	2	{Армия,Море,"Подводные лодки",Юмор}	550	550	Морская художественная литература	2021-05-16 07:27:48+00	2		2	2021-01-20 20:26:43+00	30	1	2021	28	1	2021	2018	\N	2283c4fa-d331-4f40-906e-e7c604a6f606	4	Done	\N
d008125c-9f45-4a10-86ec-71076e203d7d	Записки штурмана АПЛ К-19	{"Ким Костин"}	2	{"Подводные лодки",Биография,СССР}	162	162	Мемуары	2021-02-09 20:55:32+00	1		2	2021-01-24 16:34:30+00	9	2	2021	24	1	2021	\N	\N	\N	\N	null	\N
017859cb-bacd-4b27-a032-3442496b96dd	Метро 2033	{"Дмитрий Глуховский"}	2	{Постапокалипсис,"Русская фантастика"}	1010	1010	Фантастика	2021-03-26 22:37:36+00	1	Градообразующая книга серии метро.\r\nВ ней говорится о мистике творящейся в туннелях, жутких монстрах и тяготах жизни.\r\n\r\nОтличия от игры:\r\n * Полковник Мельников здесь строгий, суровый честный человек.\r\n * бурбон возможно злодей и жулик\r\n * хан эксцентрик\r\n\r\nпарк культуры - город мёртвых.	2	2021-03-22 16:57:09+00	26	3	2021	23	3	2021	\N	\N	03ded014-e38c-42d2-a04e-686d0c505210	1	Done	824d0ad2-70de-43a3-aa22-ccbdf772e1d0
01787216-741e-4611-bc88-3442496b96dd	Евангелие от Артёма	{"Дмитрий Глуховский"}	2	{"Боевая фантастика",Постапокалипсис}	732	732	Фантастика	2021-03-27 21:24:49+00	1	Артем встретил маленького черного.\r\nОн сам уговорил всех в детстве пойти наверх.\r\nНа него напали псы.\r\nЕго спас черный.\r\nОн сам отказался закрывать гермозатвор.\r\nЧерные с ним связались до бомбежки.	2	2021-03-27 10:09:38+00	27	3	2021	27	3	2021	2011	\N	03ded014-e38c-42d2-a04e-686d0c505210	\N	Done	\N
0178725c-e30e-4c4b-812c-3442496b96dd	Метро 2034	{"Дмитрий Глуховский"}	2	{"боевая фантастика",постапокалипсис}	600	600	Фантастика	2021-04-09 17:29:54+00	1	null	2	2021-03-27 11:26:35+00	1	4	2021	27	3	2021	\N	\N	03ded014-e38c-42d2-a04e-686d0c505210	2	Done	6a849474-3368-4ff0-9093-e6f77cba2e83
01788eaa-ded7-4a9c-a5dd-3442496b96dd	Метро 2035	{"Дмитрий Глуховский"}	2	{Постапокалипсис,технотриллер,ужасы}	777	777	Фантастика	2021-04-10 10:25:53+00	1	null	2	2021-04-01 23:21:07+00	5	4	2021	2	4	2021	2015	\N	03ded014-e38c-42d2-a04e-686d0c505210	3	Done	b59fc5d8-329f-4089-a04d-2ff7562634d2
01789fdf-dc15-4f17-8c6e-3442496b96dd	Мастер и Маргарита	{"Михаил Булгаков"}	2	{}	0	780	Классика	2021-04-07 06:38:13+00	2		2	2021-04-05 07:32:34+00	7	4	2021	5	4	2021	2020	\N	\N	\N	Left	0177cabd-a838-4e70-cf75-3442496b96dd
0178a9fb-4716-4e8c-9dd6-3442496b96dd	Начало	{"Андрей Круз"}	2	{Зомби,постапокалипсис,"боевая фантастика","Эпоха мертвых"}	0	1248	Фантастика	2021-04-13 08:28:22+00	2	null	2	2021-04-07 06:38:34+00	13	4	2021	7	4	2021	2018	\N	02bbf997-8766-427d-b0a1-6679dd41b7ef	1	Left	c11c6faf-8abd-4c1b-9daf-d4ab31f9e666
0178aaa8-77fb-4629-a475-3442496b96dd	Алгоритмы. Теория и практическое применение	{"Род Стивенс"}	2	{Программирование,Алгоритмы,"Разработка ПО"}	0	0	Компьютерная литература	2021-10-29 20:23:04+00	0		2	2021-04-07 09:47:45+00	\N	12	2019	\N	\N	\N	2016	\N	\N	\N	Done	\N
0178b47b-99e8-4a7c-866c-3442496b96dd	Москва	{"Андрей Круз"}	2	{Зомби,постапокалипсис,"боевая фантастика","Эпоха мертвых"}	0	1054	Фантастика	2021-04-18 14:10:46+00	2	null	2	2021-04-09 07:34:56+00	18	4	2021	13	4	2021	2018	\N	02bbf997-8766-427d-b0a1-6679dd41b7ef	2	Left	b14b4445-2f8c-4ba0-80ad-2c2dc8f2db19
0178b47b-c663-4a61-8f95-3442496b96dd	Прорыв	{"Андрей Круз"}	2	{Зомби,постапокалипсис,"боевая фантастика"}	0	1179	Фантастика	2021-04-24 06:57:44+00	2	null	2	2021-04-09 07:35:08+00	24	4	2021	18	4	2021	2018	\N	02bbf997-8766-427d-b0a1-6679dd41b7ef	3	Left	21390788-ac81-49c4-847f-810461f88a30
0178ba3e-0e23-40af-9a59-3442496b96dd	Чистый код	{"Роберт Мартин"}	2	{"Разработка ПО",программирование,Работа}	458	458	Компьютерная литература	2021-08-21 08:28:00+00	0	null	2	2021-04-10 10:25:26+00	15	4	2021	10	4	2021	\N	\N	\N	\N	Done	b931926a-5963-45d0-bb04-0c63956772cf
0178c074-2a7a-440d-8402-3442496b96dd	Неукратимая планета	{"Гарри Гаррисон"}	2	{}	211	211	Фантастика	2021-04-30 19:20:06+00	0		2	2021-04-11 15:22:17+00	30	4	2021	24	4	2021	\N	\N	017904ad-c274-4aa5-9666-3442496b96dd	1	Done	\N
0178f330-8b97-4511-934a-3442496b96dd	Начало	{"Андрей Круз"}	2	{Зомби,постапокалипсис,"боевая фантастика","Эпоха мертвых"}	\N	\N	Фантастика	2021-04-21 11:50:21+00	0	null	2	2021-04-21 11:49:04+00	\N	\N	2011	\N	\N	\N	2018	\N	02bbf997-8766-427d-b0a1-6679dd41b7ef	1	Done	c11c6faf-8abd-4c1b-9daf-d4ab31f9e666
0178f331-0d21-4b0a-9cd7-3442496b96dd	От чужих берегов	{"Андрей Круз"}	2	{Зомби,постапокалипсис,"боевая фантастика","эпоха мертвых"}	\N	\N	Фантастика	2021-04-21 11:50:13+00	0	null	2	2021-04-21 11:49:37+00	\N	\N	2011	\N	\N	\N	2019	\N	79b37ff2-fa2f-49a2-aa92-c41be9202102	2	Done	967cc3be-cf8d-4e2f-9e63-e1bcc3847ad6
017901aa-3039-4081-aa64-3442496b96dd	Ведьмы, карта, карабин	{"Андрей Круз","Павел Корнев"}	2	{"Боевая фантастика",Постапокалипсис,Приграничье,Попаданцы,"Другие миры",Магия}	854	854	Фантастика	2021-04-28 06:43:39+00	2	null	2	2021-04-24 07:16:37+00	28	4	2021	24	4	2021	\N	\N	0a38be07-8298-4253-9adf-bb2b3bab0e07	3	Left	ecfae00c-6c42-47c9-bf13-e851e399facb
01791626-02be-4425-8109-3442496b96dd	Как не умереть молодым	{"Алексей Решетун"}	2	{медицина,научпоп}	163	163	Нон-фикшен	2021-04-29 07:08:11+00	2	null	2	2021-04-28 06:44:16+00	29	4	2021	28	4	2021	\N	\N	\N	\N	Left	fc4e556e-bd9b-4c9a-a4ee-b88fe1a7b132
01791b64-7db8-4274-a875-3442496b96dd	Вскрытие покажет	{"Алексей Решетун"}	2	{медицина,научпоп}	214	214	Нон-фикшен	2021-05-01 14:40:02+00	1	null	2	2021-04-29 07:10:38+00	1	5	2021	29	4	2021	\N	\N	\N	\N	Done	48b8e864-d39a-4edf-ba72-d8d56283e9bc
0179274c-7a39-43bd-a326-3442496b96dd	Ночной дозор	{"Сергей Лукьяненко"}	2	{Магия,Нечисть,Монстры,"Боевая магия",Интриги,Иные,"Городское фэнтези"}	488	488	Фантастика	2021-05-20 12:28:17+00	1	Крайне хорошее драматургическое произведение.\r\nЛегкочитающаяся фантастика, с хорошим сюжетом.	2	2021-05-01 14:39:50+00	2	5	2021	1	5	2021	1998	\N	0179274b-984b-4764-aa0c-3442496b96dd	1	Done	\N
01792d94-2a56-4999-b7d2-3442496b96dd	Дневной дозор	{"Сергей Лукьяненко","Владимир Васильев"}	2	{Магия,Иные,Лагерь,Трагедия,Нечисть,"Боевая магия","Городское фэнтези",Монстры,Интриги}	480	480	Фантастика	2021-05-20 12:28:58+00	1	# Посторонним вход разрешен\r\nОчень хорошо написанная любовная трагедия	2	2021-05-02 19:55:52+00	5	5	2021	2	5	2021	2000	\N	0179274b-984b-4764-aa0c-3442496b96dd	2	Done	\N
01792d95-801f-47dd-bf45-3442496b96dd	Сумеречный дозор	{"Сергей Лукьяненко"}	2	{"Боевая магия",Магия,Интриги,Иные,"Городское фэнтези",Приключения}	443	443	Фантастика	2021-05-20 12:29:34+00	1		2	2021-05-02 19:57:19+00	8	5	2021	5	5	2021	2004	\N	0179274b-984b-4764-aa0c-3442496b96dd	3	Done	\N
01792d96-745d-44ae-baf0-3442496b96dd	Последний дозор	{"Сергей Лукьяненко"}	2	{Иные,Приключения,Магия,"Боевая магия",Интриги}	514	514	Фантастика	2021-05-20 12:30:05+00	1		2	2021-05-02 19:58:22+00	10	5	2021	8	5	2021	2006	\N	0179274b-984b-4764-aa0c-3442496b96dd	4	Done	\N
01792d97-3056-4f33-b625-3442496b96dd	Новый дозор	{"Сергей Лукьяненко"}	2	{Магия,Иные,"Боевая магия",Интриги,"Городское фэнтези"}	397	397	Фантастика	2021-05-20 12:30:20+00	1		2	2021-05-02 19:59:10+00	13	5	2021	10	5	2021	2012	\N	0179274b-984b-4764-aa0c-3442496b96dd	5	Done	\N
01792d97-c8ec-4406-b2a7-3442496b96dd	Шестой дозор	{"Сергей Лукьяненко"}	2	{Иные,"Боевая магия","Городское фэнтези",Нечисть}	388	388	Фантастика	2021-05-20 12:30:55+00	1		2	2021-05-02 19:59:49+00	19	5	2021	14	5	2021	2014	\N	0179274b-984b-4764-aa0c-3442496b96dd	6	Done	\N
01793227-14df-49e5-b88e-3442496b96dd	Акулы из стали	{"Эдуард Овечкин"}	2	{Армия,Море,Юмор,"Подводные лодки"}	473	473	Морская художественная литература	2021-05-06 17:38:12+00	2	# Главное правило человека, управляющего кораблем: никогда не меняй своего решения, во время выполнения маневра.\r\n\r\n# Условности позволяют вычислить долбоебов	2	2021-05-03 17:14:49+00	6	5	2021	3	5	2021	\N	\N	2283c4fa-d331-4f40-906e-e7c604a6f606	1	Left	9d501e84-206f-4986-81ab-960fbd8b1e55
017941b1-2240-46f0-bef9-3442496b96dd	Ноябрь	{"Эдуард Овечкин"}	2	{Армия,Море,Юмор,"Подводные лодки"}	460	460	Морская художественная литература	2021-05-08 07:15:14+00	2		2	2021-05-06 17:39:56+00	8	5	2021	6	5	2021	\N	\N	2283c4fa-d331-4f40-906e-e7c604a6f606	2	Left	e35fc0dd-4a7e-41dc-aa61-cf4e3a05ac22
017944e7-c084-41be-b71b-3442496b96dd	Алгоритмы. Теория и практическое применение	{"Род Стивенс"}	2	{Программирование,Алгоритмы,"Разработка ПО",Работа}	540	540	Компьютерная литература	2021-10-29 20:21:38+00	0		2	2021-05-07 08:38:26+00	30	6	2021	23	6	2021	2016	\N	\N	\N	Done	0178aaa8-77fb-4629-a475-3442496b96dd
01794581-97bf-421e-b2b4-3442496b96dd	Современный учебник JavaScript. Часть 1	{"Илья Кантор"}	2	{JavaScript,Программирование,Работа}	731	731	Компьютерная литература	2021-08-21 08:27:12+00	1		2	2021-05-07 11:26:29+00	21	5	2021	7	5	2021	\N	\N	01794581-cee4-4cfb-bb2f-3442496b96dd	1	Done	\N
01794583-266e-4d0c-b07f-3442496b96dd	Современный учебник JavaScript. Часть 2	{"Илья Кантор"}	2	{JavaScript,Программирование,Работа}	309	309	Компьютерная литература	2021-08-21 08:27:25+00	1		2	2021-05-07 11:28:11+00	23	5	2021	21	5	2021	\N	\N	01794581-cee4-4cfb-bb2f-3442496b96dd	2	Done	\N
017949c2-4654-45e7-af16-3442496b96dd	Аврал	{"Эдуард Овечкин"}	2	{"Подводные лодки",Море,Армия,Юмор}	540	540	Морская художественная литература	2021-05-11 07:31:46+00	2	# не все обезьяны эволюционировали до человека. Часть споткнулась о звание трюмный.	2	2021-05-08 07:15:36+00	11	5	2021	8	5	2021	\N	\N	2283c4fa-d331-4f40-906e-e7c604a6f606	3	Left	3b3068a9-9c2e-47fe-9fe6-2c9788384590
01795944-7851-44ee-9555-3442496b96dd	Туман	{"Эдуард Овечкин"}	2	{Море,Юмор,Армия,"Подводные лодки"}	540	540	Морская художественная литература	2021-05-15 10:26:48+00	2	# Нет невыполнимых задач, для человека, который сам не должен их выполнять\r\n\r\n# тормоза придумал трус\r\n\r\n# раньше и рыба водилась в реке такая, что без трусов не зайдешь	2	2021-05-11 07:31:41+00	15	5	2021	11	5	2021	2017	\N	2283c4fa-d331-4f40-906e-e7c604a6f606	2	Left	42bc4bb4-bc8b-46ed-9cfc-0e1609c41d09
01796b57-7f27-4ad8-8807-3442496b96dd	Занимательная астрономия	{"Яков Перельман"}	0	{}	\N	\N		2021-05-14 19:46:06+00	0		2	2021-05-14 19:45:38+00	\N	\N	\N	\N	\N	\N	\N	\N	\N	\N	Done	\N
01796b5a-15d3-4ada-8174-3442496b96dd	CSS для профи	{"Кит Грант"}	2	{CSS,Web,Работа}	498	498	Компьютерная литература	2021-09-17 09:58:25+00	1	null	2	2021-05-14 19:48:28+00	17	9	2021	18	8	2021	2019	\N	\N	\N	Done	\N
01796b5f-f3d4-49ef-8090-3442496b96dd	Когда мир был юным	{"Джек Лондон"}	0	{}	\N	\N		2021-06-14 19:54:18+00	0		2	2021-05-14 19:54:53+00	\N	\N	\N	\N	\N	\N	\N	\N	\N	\N	Done	\N
01796b60-df80-4051-8cf3-3442496b96dd	Время не ждет	{"Джек Лондон"}	0	{}	\N	\N		2021-05-14 19:56:21+00	0		2	2021-05-14 19:55:53+00	\N	\N	\N	\N	\N	\N	\N	\N	\N	\N	Done	\N
01797300-b420-457b-a16a-3442496b96dd	Последний поход	{"Эдуард Овечкин"}	2	{Армия,Море,"Подводные лодки",Юмор}	550	550	Морская художественная литература	2021-05-18 07:41:16+00	2	# Нам солнца не надо, нам трудности светят. Нам хлеба не надо - работу давай.	2	2021-05-16 07:27:48+00	18	5	2021	16	5	2021	2018	\N	2283c4fa-d331-4f40-906e-e7c604a6f606	4	Left	38dfd593-2f50-4f74-aa69-189e5911a45e
01797501-73b3-4d0a-8828-3442496b96dd	Сицилиец	{"Марио Пьюзо"}	2	{}	0	0		2021-05-16 16:48:12+00	0		2	2021-05-16 16:47:52+00	\N	\N	2014	\N	\N	\N	\N	\N	\N	\N	Done	\N
01797d6d-f8c7-40b4-ad8a-3442496b96dd	Звездуха. Бох и Шельма	{"Борис Акунин"}	2	{История,Средневековье}	546	546	Повесть	2021-05-21 18:02:41+00	2	# своя собака дороже чужого хана	2	2021-05-18 08:03:42+00	21	5	2021	18	5	2021	\N	\N	c39273fd-c77f-4b7d-96d1-2e6d99fe7005	2.1	Left	\N
0179887d-ab92-4a33-a5b0-3442496b96dd	От Ивана III до Бориса Годунова	{"Борис Акунин"}	2	{}	911	911	История	2021-05-28 09:20:20+00	2		2	2021-05-20 11:36:20+00	28	5	2021	21	5	2021	\N	\N	c39273fd-c77f-4b7d-96d1-2e6d99fe7005	3	Left	\N
01799a3d-2520-4511-917a-3442496b96dd	Мифы Ктулху	{"Говард Филлипс Лавкрафт"}	2	{Боги,Чудовища,Мифы}	34	34	Ужасы	2021-05-25 22:36:45+00	1		2	2021-05-23 22:19:02+00	25	5	2021	15	4	2020	\N	\N	\N	\N	Done	\N
0179b137-3886-40a2-9af2-3442496b96dd	Два билета туда	{"Андрей Круз","Андрей Царев"}	2	{"Другие миры",попаданцы,"боевая фантастика","земля лишних"}	810	810	Фантастика	2021-06-02 07:06:40+00	2	null	2	2021-05-28 09:23:51+00	2	6	2021	28	5	2021	2018	\N	17ed625b-583e-47f1-83e7-f645dc591fba	3	Left	eacb708a-2e5f-4806-98e6-d47afababc1a
0179b2df-c34c-403f-b897-3442496b96dd	Кваzи	{"Сергей Лукьяненко"}	2	{Зомби,Выживание,Постапокалипсис}	372	372	Фантастика	2021-06-04 11:41:09+00	1		2	2021-05-28 17:07:33+00	3	6	2021	28	5	2021	2016	\N	0179d5c0-972b-47e9-8683-3442496b96dd	1	Done	\N
0179ca89-8684-47df-8f7f-3442496b96dd	Вынос мозга. Рассказы судмедэксперта	{"Андрей Ломанчинский"}	2	{Медицина,Судмедэксперты}	590	590	Рассказы	2021-06-06 10:05:00+00	2		2	2021-06-02 07:23:58+00	6	6	2021	2	6	2021	\N	\N	\N	\N	Left	\N
72ea1c06-1192-414d-9ed5-5c0092933c5b	Откровения	{"Оливер Боуден"}	2	{}	\N	\N		2021-01-26 22:51:15+00	0		21	2021-01-26 22:51:15+00	1	12	2020	1	1	2017	\N	\N	b7616771-70f4-4c7a-bb78-85c36eab271e	4	null	\N
0179d5c1-84cf-4348-88f4-3442496b96dd	Кайноzой	{"Сергей Лукьяненко"}	2	{Зомби,Постапокалипсис,Интриги}	309	309	Фантастика	2021-06-12 22:02:01+00	1		2	2021-06-04 11:40:56+00	12	6	2021	6	6	2021	\N	\N	0179d5c0-972b-47e9-8683-3442496b96dd	2	Done	\N
0179dfc9-da89-4fe4-a7b9-3442496b96dd	Зов полярной звезды	{"Александр Руж"}	2	{СССР,Интриги,Мистика,Экспедиция,Убийство,"Северный полюс"}	0	678	Фантастика	2022-03-10 21:00:24+00	2	null	2	2021-06-06 10:26:59+00	8	6	2021	6	6	2021	0	\N	54efbb22-49bd-4fab-879b-b1b94fd77b8f	1	Left	\N
0179ebf3-1f58-4ab2-bc04-3442496b96dd	Пищеблок	{"Алексей Иванов"}	2	{Мистика,Вампиры,СССР,"Детский лагерь"}	756	756	Фантастика	2021-06-11 17:57:02+00	2		2	2021-06-08 19:07:31+00	11	6	2021	8	6	2021	\N	\N	\N	\N	Left	\N
017a013b-bd2c-4c53-9d9f-3442496b96dd	Искусство войны	{Сунь-цзы}	2	{Трактат,Война}	0	0	Трактат	2021-06-12 22:19:24+00	0		2	2021-06-12 22:18:51+00	1	10	2019	\N	\N	\N	\N	\N	\N	\N	Done	\N
017a013c-3916-472a-9a65-3442496b96dd	Искусство войны	{Сунь-цзы}	2	{Трактат,Война}	218	218	Трактат	2021-06-18 22:27:17+00	0		2	2021-06-12 22:19:23+00	18	6	2021	12	6	2021	\N	\N	\N	\N	Done	017a013b-bd2c-4c53-9d9f-3442496b96dd
017a0b03-8949-4f00-a880-3442496b96dd	Государь	{"Никколо Макиавелли"}	2	{}	414	414	Политика	2021-07-18 10:03:51+00	0	# Кто захватит город, с давних пор пользующийся свободой, и пощадит его, того город не пощадит.\r\n\r\n# Кто меньше полагался на милость судьбы, тот дольше удерживался у власти.\r\n\r\n# Нет дела, коего устройство было бы труднее, ведение опаснее, а успех сомнительнее, нежели замена старых порядков новыми.\r\n\r\n# Когда наступают темные времена зло делать поздно, а добро бесполезно.\r\n\r\n# Чтобы избежать ненависти, государю необходимо воздержаться от посягательств на имущество граждан и на их женщин.\r\n\r\n# В обоих случаях выгоднее открыто и решительно вступить в войну. Ибо в первом случае, не вступив в войну, ты станешь добычей победителя к радости и удовлетворению побежденного, сам же ни у кого не сможешь получить защиты: победитель отвергнет союзника, бросившего его в несчастье, а побежденный не захочет принять к себе того, кто не пожелал с оружием в руках разделить его участь.\r\n\r\n# Зато если ты бесстрашно примешь сторону одного из воюющих, и твой союзник одержит победу, то, как бы ни был он могуществен и как бы ты от него ни зависел, он обязан тебе – люди же не настолько бесчестны, чтобы нанести удар союзнику, выказав столь явную неблагодарность.\r\n\r\n# Та война справедлива, которая необходима, и то оружие священно, на которое единственная надежда.	2	2021-06-14 19:53:41+00	18	7	2021	19	6	2021	\N	\N	\N	\N	Done	a312c278-eb0b-473c-afd5-dfc35d3b5ae2
017a1273-9ca5-4012-9fed-3442496b96dd	Последний борт на Одессу	{"Андрей Круз","Андрей Царев"}	2	{"Другие миры",попаданцы,"боевая фантастика","земля лишних",Маньяки,"Серийные убийцы"}	704	704	Фантастика	2021-06-19 17:14:41+00	2	null	2	2021-06-16 06:33:27+00	19	6	2021	16	6	2021	2018	\N	17ed625b-583e-47f1-83e7-f645dc591fba	4	Left	6e3a3196-b7c5-4758-8628-52fad173c4ab
017a2759-90bb-4ff6-923c-3442496b96dd	Золотой теленок	{"Илья Ильф","Евгений Петров"}	2	{Аферы,СССР,Сатира,"авантюрные приключения"}	\N	747	Сатира	2021-06-24 21:55:29+00	2	# Пешеходов надо любить, они сделали мир лучше\r\n# Не волнуйтесь, вы не в церкви —вас не обманут\r\n# Таких как вы девушки не любят. Они любят молодых длинноногих и политически грамотных. А вы скоро умрете.\r\n# это знает только один бог, а так как Бога нет, то не знает никто.	2	2021-06-20 07:56:59+00	24	6	2021	20	6	2021	1931	\N	017a281d-f718-4187-ac29-3442496b96dd	2	Left	\N
017a281e-ee10-474e-ab9b-3442496b96dd	12 стульев	{"Илья Ильф","Евгений Петров"}	2	{СССР,Сатира,"Авантюрные приключения",Аферы}	880	880	Сатира	2021-07-02 17:26:27+00	2		2	2021-06-20 11:32:34+00	2	7	2021	24	6	2021	1928	\N	017a281d-f718-4187-ac29-3442496b96dd	1	Left	\N
017a47c2-298a-43ea-bfd4-3442496b96dd	Как устроена экономика	{"Ха-Джун Чанг"}	2	{Наука,Научпоп,Экономика}	647	647	Нон-фикшен	2021-07-05 14:49:56+00	0		2	2021-06-26 14:59:05+00	4	7	2021	26	6	2021	\N	\N	\N	\N	Done	\N
017a681b-479a-4bb9-8452-3442496b96dd	BMW. Баварское сердце, Русская душа	{"Александр Пикуленко","Денис Орлов"}	2	{История,BMW,Автомобили,"Великая отечественная война"}	105	105	Нон-фикшен	2021-12-31 19:57:47+00	2	# идея как красивая девушка- каждый желает ее обладать	2	2021-07-02 21:44:16+00	3	7	2021	2	7	2021	0	\N	\N	\N	Left	787a1702-231d-4e87-a413-e8bbe65294d8
017a7623-48aa-4d14-89c5-3442496b96dd	Счастливая жизнь: Руководство по стоицизму для современного человека	{"Массимо Пильюччи"}	2	{Стоицизм,Философия}	144	144	Философия	2021-12-11 18:29:35+00	0		2	2021-07-05 15:07:42+00	6	7	2021	5	7	2021	0	\N	\N	\N	Done	\N
017a7f52-2c4c-4c80-a48e-3442496b96dd	Современные яды: Дозы, действие, последствия	{"Алан Коллок"}	2	{Яды,Биология,Химия}	364	364	Нон-фикшен	2021-07-09 11:54:19+00	1		2	2021-07-07 09:55:29+00	9	7	2021	7	7	2021	\N	\N	\N	\N	Done	\N
017a8ef1-9f63-43f3-ac89-3442496b96dd	Мёртвый источник	{"Юрий Уленгов"}	2	{Нуар,Детектив,Магия,Фэнтези,Киберпанк}	496	496	Фантастика	2021-07-13 12:59:10+00	1	# закос под нуар\r\n# не хватает мата\r\n# излишне бурное повествование\r\n# много ненужных подробностей	2	2021-07-10 10:43:58+00	11	7	2021	10	7	2021	\N	\N	017a8ef0-1516-4ec6-ab8a-3442496b96dd	1	Done	\N
017b88b1-1672-4b4b-85d8-3442496b96dd	Вокруг света за 80 дней	{"Жюль Верн"}	2	{Путешествия,Пари}	280	280	Приключения	2021-09-05 13:53:09+00	0		2	2021-08-27 22:38:33+00	5	9	2021	27	8	2021	\N	\N	\N	\N	Done	\N
017a96bd-0319-4739-a503-3442496b96dd	Собаки на военной службе	{"Всеволод Языков"}	2	{СССР,Собаки,Война}	63	63	Учебное пособие	2021-07-12 08:43:42+00	1		2	2021-07-11 23:03:28+00	12	7	2021	11	7	2021	1927	\N	\N	\N	Done	\N
017a6c10-712b-4b89-86a0-3442496b96dd	Изобретено в России	{"Тим Скоренко"}	0	{}	0	0		2022-02-25 20:36:00+00	0		2	2021-07-03 16:10:55+00	\N	\N	\N	\N	\N	\N	0	2022-10-28 05:42:02.943768+00	\N	\N	Done	\N
017a9be5-e10b-4cc9-b66f-3442496b96dd	Тени безумия	{"Юрий Уленгов"}	2	{Магия,Киберпанк,Детектив,"Городское фэнтези"}	735	735	Фантастика	2021-07-14 12:51:30+00	1		2	2021-07-12 23:06:40+00	14	7	2021	12	7	2021	\N	\N	017a8ef0-1516-4ec6-ab8a-3442496b96dd	2	Done	\N
017aa408-a4ec-4de1-b749-3442496b96dd	Нейромант	{"Уильям Гибсон"}	2	{Киберпанк,Фантастика}	26	702	Киберпанк	2021-07-18 10:03:51+00	1		2	2021-07-14 13:01:09+00	17	7	2021	14	7	2021	\N	\N	\N	\N	Done	\N
017ab806-25a7-4f7a-9ecd-3442496b96dd	Боевой путь Чапаева	{"Илья Кутяков"}	2	{Революция,"Гражданская война","Реальная личность"}	113	113	История	2021-07-23 20:59:12+00	1		2	2021-07-18 10:10:51+00	23	7	2021	18	7	2021	1935	\N	\N	\N	Done	\N
017abf76-a0f4-4215-a306-3442496b96dd	Короткое лето	{"Андрей Круз","Павел Корнев"}	2	{"Боевая фантастика",Постапокалипсис,"Другие миры",Магия,Попаданцы}	\N	801	Фантастика	2021-07-25 18:33:05+00	2	null	2	2021-07-19 20:51:02+00	25	7	2021	19	7	2021	\N	\N	0a38be07-8298-4253-9adf-bb2b3bab0e07	4	Left	757a6143-5e76-448d-8100-f032f9e03de3
017ae2e6-900f-4fd3-9330-3442496b96dd	Я! Еду! Домой!	{"Андрей Круз"}	2	{Зомби,постапокалипсис,"боевая фантастика","эпоха мертвых"}	892	892	Фантастика	2021-08-03 06:18:29+00	2	null	2	2021-07-26 18:00:00+00	3	8	2021	26	7	2021	2019	\N	79b37ff2-fa2f-49a2-aa92-c41be9202102	1	Left	df03fd37-c303-4de1-af0b-a5d3ed76e17c
017b0997-8049-4462-b085-3442496b96dd	От чужих берегов	{"Андрей Круз"}	2	{Зомби,постапокалипсис,"боевая фантастика","эпоха мертвых"}	1013	1013	Фантастика	2021-08-10 06:30:13+00	2	null	2	2021-08-03 06:18:54+00	10	8	2021	3	8	2021	2019	\N	79b37ff2-fa2f-49a2-aa92-c41be9202102	2	Left	967cc3be-cf8d-4e2f-9e63-e1bcc3847ad6
017b0998-172e-45de-bb2c-3442496b96dd	Идеальный программист	{"Роберт Мартин"}	2	{"Разработка ПО",программирование,Работа}	210	210	Компьютерная литература	2021-08-21 08:27:50+00	0	null	2	2021-08-03 06:19:32+00	18	8	2021	2	8	2021	\N	\N	\N	\N	Done	0baf62a0-4f3f-4bd1-b8e3-e9aef056e545
017b16c1-ac4f-4d10-84b7-3442496b96dd	React в действии	{"Марк Томас"}	2	{Программирование,JavaScript,Web}	366	366	Компьютерная литература	2021-08-24 14:00:40+00	0		2	2021-08-05 19:39:59+00	24	8	2021	5	8	2021	2019	\N	\N	\N	Done	\N
017b2172-9647-4d6c-84d8-3442496b96dd	Белый террор	{"Илья Ратьковский"}	0	{}	\N	\N		2021-08-07 21:29:22+00	0		2	2021-08-07 21:29:23+00	\N	\N	\N	\N	\N	\N	\N	\N	\N	\N	Done	\N
017b2175-3d5e-496d-942f-3442496b96dd	Порванные души. Снайпер в Афгане	{"Глеб Бобров"}	2	{Война,Мемуары}	383	383	Мемуары	2021-12-05 17:40:50+00	0		2	2021-08-07 21:32:19+00	5	12	2021	6	11	2021	2019	\N	d0910eaf-e7a7-4c72-8ede-6535063c7352	\N	Done	\N
017b2178-a991-41c2-93ee-3442496b96dd	Я дрался на Т-34	{"Артем Драбкин"}	0	{}	\N	\N		2021-08-07 21:36:01+00	0		2	2021-08-07 21:36:02+00	\N	\N	\N	\N	\N	\N	\N	\N	\N	\N	Done	\N
017b217f-5607-4f35-9bcb-3442496b96dd	Нравственные письма к Луцилию	{Сенека}	2	{Стоицизм,Мораль,Письма,Философия}	264	605	Философия	2021-12-11 18:29:45+00	0	# ко мне относятся как к людям, впавшим в нищету не по своей вине: все жалеют, но никто не помогает.\r\n\r\n# не тот беден, у кого мало, а тот, кто хочет большего.\r\n\r\n# кто презирает свою жизнь, владеет твоею.\r\n\r\n# необходимое всегда легко приобрести. И только для избытков приходится трудиться в поте лица.\r\n\r\n# истина, кем бы она не была высказана, одна для всех.\r\n\r\n# не все ли равно, на какую постель положить больного, на золотую или на деревянную. На какую бы ты не положил его, положишь с ним вместе и болезнь его.\r\n\r\n# всех ближе к богатству тот, кто научился презирать богатство.\r\n\r\n# чему ты дивишься, что путешествия тебе не помогли? Ведь повсюду ты возил за собою себя самого. И во время пути тебя угнетали те самые причины, из-за которых ты двинулся в путь.\r\n\r\n# Бывает, что то, кто ожидал смерти от врага, умирает от несварения желудка.\r\n\r\n# Человек опытный не боится того, что отвергает, и не поклоняется тому, что принимает, если дух его велик и непреклонен.\r\n\r\n# судьба не имеет власти над нравственными поступками.\r\n\r\n# золотые удила не делают лучшим самого коня.\r\n\r\n# не надейся молитвой смягчить судеб непреклонность.\r\n\r\n# Какую пользу принесет мне умение делить поле на участки, если я не умею делиться с братом?\r\n\r\n# Не следует мерить людей по высоте могильной насыпи или по пышности монументов, воздвигаемых вдоль дорог. Могила равняет всех. Мы рождаемся не равными, но умираем равными.\r\n\r\n# В геометрии для всех только один способ.\r\n\r\n# Мы не будем подвластны никому, если смерть будет в нашей власти.\r\n\r\n# Знаешь, какая разница между человеком, бодро проведшим свою жизнь, презиравшим судьбу, свершившим все наложенные на него жизнью обязанности и достигшим высшего блага, и тем, которому в удел досталось только долголетие: первый живёт и после смерти, а второй умер ранее своей кончины.\r\n\r\n# Ты все негодуешь и жалуешься и не хочешь понять, что все зло заключается именно в том, что ты негодуешь и жалуешься.\r\n\r\n# всякое благо смертных смертно.\r\n\r\n# все, чем ты владеешь, у тебя, но не твоё.	2	2021-08-07 21:43:20+00	26	8	2021	8	8	2021	0	\N	\N	\N	Done	\N
017b25a8-895b-4837-b179-3442496b96dd	Можно ли забить гвоздь в космосе	{"Сергей Рязанский"}	2	{Научпоп,Космос}	257	257	Нон-фикшен	2021-09-18 13:30:27+00	0		2	2021-08-08 17:06:49+00	18	9	2021	7	9	2021	\N	\N	\N	\N	Done	\N
017b25a9-1131-4719-b4c3-3442496b96dd	Время первых	{"Алексей Леонов"}	0	{}	\N	\N		2021-08-08 17:07:22+00	0	null	2	2021-08-08 17:07:23+00	\N	\N	\N	\N	\N	\N	\N	\N	\N	\N	Done	\N
017b25a9-eabe-42a2-bb07-3442496b96dd	Экстремальное программирование	{"Кент Бек"}	2	{}	233	233		2021-11-04 21:30:31+00	0		2	2021-08-08 17:08:19+00	4	11	2021	5	10	2021	0	\N	\N	\N	Done	\N
017b25b7-0687-43d7-bd3e-3442496b96dd	Сталинград	{"Энтони Бивор"}	0	{}	\N	\N		2021-08-08 17:22:36+00	0		2	2021-08-08 17:22:38+00	\N	\N	\N	\N	\N	\N	\N	\N	\N	\N	Done	\N
017b25b7-d1bd-4f78-b04f-3442496b96dd	Блокадная книга	{"Алесь Адамович","Даниил Гранин"}	2	{"Великая отечественная война",Война}	0	0	История	2021-12-10 23:59:45+00	1		2	2021-08-08 17:23:30+00	1	10	2021	18	9	2021	1983	\N	\N	\N	Done	\N
017b73d9-f5e8-4d59-87c0-3442496b96dd	Драконы моря	{"Франц Гуннар Бенгтссон"}	2	{Море,Викинги,История}	1020	1020	История	2021-09-25 08:45:53+00	2		2	2021-08-23 21:31:10+00	25	9	2021	19	8	2021	0	\N	\N	\N	Left	ffdeef56-0ec7-465e-8a44-95c674160ec7
017c1b11-f128-458c-84f9-3442496b96dd	Пост (Сезон 2)	{"Дмитрий Глуховский"}	2	{Постапокалипсис,Выживание,Мистика}	637	637	Ужасы	2021-09-28 10:11:43+00	2		2	2021-09-25 08:48:55+00	28	9	2021	25	9	2021	2021	\N	017c1b10-3473-4a51-8fa4-3442496b96dd	2	Left	\N
017c395d-4136-4b78-8377-3442496b96dd	Лицо со шрамом	{"Армитэдж Трэил"}	2	{}	311	311	Криминал	2021-10-04 11:44:22+00	2		2	2021-10-01 05:59:47+00	4	10	2021	29	9	2021	0	\N	\N	\N	Left	\N
017c4df4-b3b2-4917-bdcf-3442496b96dd	Я ничего не знаю	{Сократ}	2	{Мудрость,История}	595	595	Философия	2021-10-10 09:20:17+00	2		2	2021-10-05 05:57:35+00	10	10	2021	5	10	2021	2021	\N	\N	\N	Left	\N
017c6870-41a7-41bb-a8e6-3442496b96dd	Записки путешествующего ветеринара	{"Джонатан Крэнстон"}	2	{Животные,Путешествия,Мемуары}	739	739	Записки	2021-10-22 19:19:41+00	2		2	2021-10-10 09:22:41+00	22	10	2021	10	10	2021	2018	\N	\N	\N	Left	\N
35dd79a4-0091-485a-a7e5-7de3d5e0afb0	Человек-невидимка	{"Герберт Уэллс"}	2	{"Научная фантастика",Ужасы,Классика}	390	390	Фантастика	2021-10-26 09:27:21+00	2		2	2021-10-23 10:03:57+00	26	10	2021	23	10	2021	0	\N	\N	\N	Left	\N
baacb811-8306-408d-aaab-8b8832118849	Машина времени	{"Герберт Уэллс"}	2	{"Научная фантастика","Путешествия во времени"}	155	270	Фантастика	2021-10-31 09:14:51+00	2		2	2021-10-27 06:00:04+00	30	10	2021	27	10	2021	0	\N	\N	\N	Left	\N
47312204-4a44-44c2-a070-f95db86f983f	Айсберг	{"Джеймс Роллинс"}	2	{"Северный полюс",Экспедиция,Монстры,Интриги}	896	896	Фантастика	2021-11-13 09:00:09+00	2		2	2021-10-31 09:17:13+00	12	11	2021	31	10	2021	0	\N	\N	\N	Left	\N
b400b202-1eb4-4002-a19b-f698700287a5	Энхиридион	{Эпиктет}	2	{}	28	28		2021-12-10 23:33:07+00	1		2	2021-11-08 21:18:38+00	10	12	2021	6	11	2021	0	\N	\N	\N	Done	017bf826-99b4-4117-9729-3442496b96dd
52f85fbb-e803-4863-b108-53f11ade5e2a	Дюна	{"Фрэнк Герберт"}	2	{"Другие миры",Чудовища,Политика}	1487	1487	Фантастика	2021-12-09 20:35:11+00	2		2	2021-11-13 08:59:11+00	9	12	2021	13	11	2021	1965	\N	\N	\N	Left	\N
cf152665-d0f2-4c99-a6b1-e8a0404cdfd9	Улитка на склоне	{"Аркадий Стругацкий","Борис Стругацкий"}	2	{"Научная фантастика",Философия}	506	506	Фантастика	2021-12-18 10:28:04+00	2	null	2	2021-11-28 09:26:47+00	18	12	2021	28	11	2021	0	\N	\N	\N	Left	\N
e1f567f8-7a23-4a55-82e6-fa395b6989cb	Искусство спора. Как читать книги	{"Сергей Поварнин"}	2	{Дискуссии,Саморазвитие,Литература,Уловки}	285	285		2021-12-19 20:14:38+00	0	# Хороший шахматный игрок всегда должен иметь ввиду короля	2	2021-12-03 16:33:17+00	19	12	2021	3	12	2021	1923	\N	\N	\N	Done	\N
ae392ac9-3df4-4806-b88c-02af1139babe	Блокадная книга	{"Алесь Адамович","Даниил Гранин"}	0	{"Великая отечественная война",Война}	0	0		2021-12-10 23:59:20+00	1		2	2021-12-10 16:12:59+00	\N	\N	\N	\N	\N	\N	1983	\N	\N	\N	Done	017b25b7-d1bd-4f78-b04f-3442496b96dd
ef9a1bab-1ad9-43e7-8bf5-8275daabdda4	Война под крышами	{"Алесь Адамович"}	2	{Война,"Великая отечественная война",Партизаны}	271	271	История	2021-12-28 12:56:19+00	1		2	2021-12-10 23:58:49+00	19	12	2021	10	12	2021	1960	\N	d118e7ea-687e-4601-88b3-08bbc5e67b5d	\N	Done	\N
7dcb9300-5edd-464d-bfcb-77b9f7821caa	Диалектический материализм	{"Морис Корнфорт"}	2	{}	501	501	Философия	2022-01-09 15:26:04+00	1		2	2021-12-19 16:54:43+00	9	1	2022	21	12	2021	0	\N	\N	\N	Done	\N
604c9776-74e2-46c0-a667-8c56d3e75fe2	Академия родная	{"Андрей Ломанчинский"}	2	{Медицина,Академия,Юмор}	613	613	Мемуары	2022-01-01 14:09:24+00	2		2	2021-12-21 06:01:56+00	1	1	2022	21	12	2021	0	\N	\N	\N	Left	\N
7ce60b8c-9bf7-4d34-b240-3ffb2f2a6684	Советские партизаны. Легенда и действительность	{"Джон Армстронг"}	0	{Партизаны,Война,"Великая отечественная война"}	0	0	История	2022-01-01 01:06:15+00	1		2	2021-12-31 20:06:16+00	\N	\N	\N	\N	\N	\N	2007	\N	\N	\N	Done	\N
e1ee1853-e29d-4956-8e06-4da5511519e5	Пехотное оружие Второй мировой войны	{"Вячеслав Кашевский"}	2	{Оружие,"Великая отечественная война",История}	432	432	История	2022-01-09 14:31:26+00	1		2	2021-12-31 20:10:00+00	9	1	2022	31	12	2021	2004	\N	\N	\N	Done	\N
190fb4fe-8ce5-4acf-89af-db383f067c92	Латынь по-пацански	{"Никита Самохин"}	2	{История,Рим,Латынь}	254	254	История	2022-01-22 18:15:58+00	0		2	2022-01-05 21:49:35+00	22	1	2022	5	1	2022	0	\N	\N	\N	Done	\N
0055b431-e791-48c4-8cdb-5022a9e30e95	Мартин Иден	{"Джек Лондон"}	2	{Саморазвитие,Любовь,"Классовая борьба"}	862	862	Роман	2022-01-16 09:07:23+00	2		2	2022-01-06 08:36:01+00	16	1	2022	6	1	2022	0	\N	\N	\N	Left	\N
737ff3f8-33c5-49c8-876e-4bc688e58af6	Диалектический материализм	{"Марис Кронфорт"}	2	{Политика,Экономика,Социология,Философия,Марксизм,Материализм}	211	501	Философия	2022-02-16 17:48:44+00	0		2	2022-01-11 19:42:58+00	\N	\N	\N	21	12	2022	0	\N	\N	\N	Done	\N
b981a1b7-57be-4c9a-9a94-ea20a3018820	Хмель и Клондайк	{"Павел Корнев","Андрей Круз"}	2	{"Другие миры",попаданцы,магия,"боевая фантастика",приграничье}	990	990	Фантастика	2022-02-05 09:39:14+00	2	null	2	2022-01-18 05:41:37+00	5	2	2022	17	1	2022	2019	\N	0a38be07-8298-4253-9adf-bb2b3bab0e07	1	Left	89cdd1e6-40d2-4519-bee5-5818cba20c96
0059a02f-02dc-4235-ad5e-0f3d14f78a3d	Любовь к жизни	{"Джек Лондон"}	2	{Сборник,Рассказы,Классика}	509	509	Сборник	2022-02-16 22:20:38+00	0		2	2022-01-24 21:39:22+00	16	2	2022	23	1	2022	0	\N	\N	\N	Done	\N
a23cd17c-d89f-4039-b4af-c25ecf9d19f3	Профессиональный Typescript	{"Борис Черный"}	2	{JavaScript,Web,"Языки программирования"}	352	352	Компьютерная литература	2022-02-22 21:44:49+00	1	# кортеж поддерживает опциональные элементы и остаточные массивы\r\n# есть read-only массивы\r\n# К Enum можно обратиться по ключу и по индексу. К const enum можно обращаться только через точку. При компиляции const enum заменяется на константы, лучше не использовать в общем коде	2	2022-01-27 16:26:04+00	22	2	2022	27	1	2022	0	\N	\N	\N	Done	\N
c3c52868-6dd5-411e-b232-44f7eb9c110a	Гарвардский некромант	{"Александр Панчин"}	2	{"Научная фантастика"}	231	231	Фантастика	2022-02-10 07:31:15+00	2		2	2022-02-05 09:40:50+00	10	2	2022	5	2	2022	0	\N	\N	\N	Left	\N
4a71d944-9c31-4cad-ad12-5ed0c695c0bb	Остров доктора Моро	{"Герберт Уэллс"}	2	{"Научная фантастика",Генетика}	331	331	Фантастика	2022-02-23 09:32:18+00	2		2	2022-02-11 06:20:34+00	23	2	2022	11	2	2022	1896	\N	\N	\N	Left	\N
61579341-a49a-470e-960a-41e4ead6c50a	Матрица и философия	{"Уильям Ирвин"}	2	{Матрица}	300	300	Философия	2022-03-06 17:15:38+00	0	# Неосмысленную жизнь и жить не стоит	2	2022-02-16 22:21:56+00	6	3	2022	16	2	2022	2022	\N	\N	\N	Done	\N
9a829a11-63b2-429a-a418-7043b1ceb0e6	Охота на чёрного короля	{"Александр Руж"}	2	{Детектив,СССР}	622	622	Фантастика	2022-03-11 22:31:56+00	2		2	2022-03-06 07:45:23+00	11	3	2022	6	3	2022	0	\N	54efbb22-49bd-4fab-879b-b1b94fd77b8f	2	Left	\N
2d30ec2c-6d93-47e5-854a-42f373ce1f53	Паразит – царь природы	{"Карл Циммер"}	2	{Научпоп,Биология,Паразиты}	456	456	Нон-фикшен	2022-04-14 20:59:35+00	0		2	2022-03-07 21:06:33+00	14	4	2022	7	3	2022	0	\N	\N	\N	Done	\N
a2b30be7-5023-4ab0-8d69-6767a94e1d71	Авалон	{"Александр Руж"}	2	{}	529	529	Детектив	2022-03-17 00:03:59+00	2	null	2	2022-03-11 22:32:49+00	17	3	2022	12	3	2022	0	\N	54efbb22-49bd-4fab-879b-b1b94fd77b8f	3	Left	\N
93f84479-c8b0-48ae-9da0-47c237dc81e6	Между Европой и Азией. 17 Век	{"Борис Акунин"}	2	{История}	772	772	Нон-фикшен	2022-04-20 20:20:17+00	2		2	2022-03-20 08:14:58+00	20	4	2022	20	3	2022	0	\N	c39273fd-c77f-4b7d-96d1-2e6d99fe7005	4	Left	\N
c97b543a-ff53-48da-8809-e54ebfef19e8	Легкий способ бросить курить	{"Аллен Карр"}	2	{Курение,Здоровье}	202	202	Нон-фикшен	2022-05-07 18:09:55.307419+00	0		2	2022-04-16 22:39:33+00	7	5	2022	16	4	2022	0	\N	\N	\N	Done	0178409f-8e15-4ffd-b7e0-3442496b96dd
eef62509-aac2-4d0e-beb8-1ef9dd2b1942	WebAssembly в действии	{"Жерар Галлан"}	2	{Web,"Языки программирования"}	490	490	Компьютерная литература	2022-05-07 18:10:00.138905+00	0		2	2022-04-17 14:10:25+00	7	5	2022	17	4	2022	2022	\N	\N	\N	Done	\N
0be17c44-177c-4f09-934b-c4de8a2acfa4	Гарри Поттер и узник Азкабана	{"Джоан Роулинг"}	2	{}	0	0		2022-01-11 04:38:48+00	0		21	2020-12-17 18:07:09+00	1	1	2008	1	1	2008	0	\N	9bad4081-1767-4e78-ae41-630c9ea01c18	3	Done	\N
0b5932d8-1c1d-4050-b0cb-009da22f9ec8	Гарри Поттер и кубок огня	{"Джоан Роулинг"}	2	{}	0	0		2022-01-11 04:40:55+00	0		21	2020-12-17 18:07:55+00	1	1	2008	1	1	2008	0	\N	9bad4081-1767-4e78-ae41-630c9ea01c18	4	Done	\N
8c2fd712-b052-429f-afd4-0d65a4925721	Гарри Поттер и орден феникса	{"Джоан Роулинг"}	2	{}	0	0		2022-01-11 04:43:26+00	0		21	2020-12-17 18:08:21+00	1	1	2008	1	1	2008	0	\N	9bad4081-1767-4e78-ae41-630c9ea01c18	5	Done	\N
b1fdace6-2eed-4796-ba8d-d113c323fe66	Гарри Поттер и принц-полукровка	{"Джоан Роулинг"}	2	{}	0	0		2022-01-11 04:44:49+00	0		21	2020-12-17 18:08:55+00	1	1	2008	1	1	2008	0	\N	9bad4081-1767-4e78-ae41-630c9ea01c18	6	Done	\N
71b2e5ec-96dd-461b-8365-d2a428d4ef0f	Кэрри	{"Стивен Кинг"}	2	{}	\N	\N		2020-12-17 18:12:38+00	0		21	2020-12-17 18:12:39+00	1	1	2012	1	1	2012	\N	\N	\N	\N	null	\N
dafe48dc-c2fb-45bd-9023-75178e8e17c1	Оно. Том 1	{"Стивен Кинг"}	2	{}	0	\N		2021-01-18 20:50:20+00	2		21	2020-12-17 18:14:52+00	18	1	2021	1	12	2020	\N	\N	\N	\N	null	\N
556033b8-c0c3-4dce-8ee3-a2a791fefc51	Убийство в Восточном Экспрессе	{"Агата Кристи"}	2	{}	0	0		2022-02-07 23:04:38+00	2		21	2020-12-17 19:43:55+00	17	12	2020	17	12	2020	0	\N	ec963988-87c8-4e26-ba3e-dc1f05421f16	\N	Done	\N
d40f5816-b59c-4e5c-a982-6d6ec2f3e4d1	Марсианин	{"Энди Вейр"}	2	{}	0	0		2022-02-07 23:04:30+00	2		21	2020-12-17 23:14:21+00	24	12	2020	1	12	2020	0	\N	\N	\N	Done	\N
e238380a-699d-441e-8508-ba4a46cf6102	Гарри Поттер и тайная комната	{"Джоан Роулинг"}	2	{}	0	0		2022-01-11 04:36:04+00	0		21	2020-12-18 19:03:14+00	1	1	2008	1	1	2008	0	\N	9bad4081-1767-4e78-ae41-630c9ea01c18	2	Done	\N
1a4dc1b5-a91c-444f-9b5e-b6bfa9a84155	11/22/63	{"Стивен Кинг"}	2	{}	0	0		2022-02-07 23:04:03+00	2		21	2021-01-03 17:01:23+00	31	3	2021	10	2	2021	0	\N	\N	\N	Done	\N
06b8f1bc-ad66-4538-8a5e-ed81b35c2b39	Оно. Том 2	{"Стивен Кинг"}	2	{}	0	0		2021-06-01 10:54:56+00	2		21	2021-01-03 17:02:59+00	1	6	2021	28	4	2021	\N	\N	\N	\N	Done	\N
d5f892e4-fb2e-4522-bbba-1d061e47f647	Убийства по алфавиту	{"Агата Кристи"}	2	{}	\N	\N		2021-01-31 01:08:05+00	2		21	2021-01-10 22:04:05+00	14	1	2021	11	1	2021	\N	\N	ec963988-87c8-4e26-ba3e-dc1f05421f16	\N	null	\N
98b4e878-0976-4625-ac3f-aa0e597807bd	Смерть на Ниле	{"Агата Кристи"}	2	{}	0	0		2022-02-07 23:04:20+00	2		21	2021-01-20 00:06:59+00	26	1	2021	20	1	2021	0	\N	ec963988-87c8-4e26-ba3e-dc1f05421f16	\N	Done	\N
67d5faab-2c2b-4f6f-8f5d-5b6316a9db1c	Убийство Роджера Экройда	{"Агата Кристи"}	2	{}	0	\N		2021-04-21 23:47:58+00	2	Убит помещик Роджер Экройд, и Эркюль Пуаро начинает расследование, имея вокруг множество подозреваемых — родственников и знакомых Экройда, каждый из которых был заинтересован в его смерти. Повествование ведется от имени доктора Шеппарда, последнего, кто видел помещика живым. С помощью записей доктора Шеппарда Пуаро предстоит вычислить хитроумного преступника...	21	2021-01-20 00:08:20+00	21	4	2021	8	4	2021	\N	\N	ec963988-87c8-4e26-ba3e-dc1f05421f16	\N	Done	\N
b0119cf8-748c-4d01-9174-e6f21baf49bb	Престиж	{"Кристофер Прист"}	2	{}	0	0		2022-02-07 23:03:52+00	2		21	2021-01-26 22:45:28+00	16	6	2021	7	6	2021	0	\N	\N	\N	Done	\N
04d629f6-7b1c-4dae-8917-7c42461f4f88	Искусство быть невидимым	{"Кевин Митник"}	0	{IT}	0	0		2022-02-07 17:54:34+00	0		21	2021-01-26 22:46:19+00	\N	\N	\N	\N	\N	\N	0	\N	\N	\N	Done	\N
ddb6d8e3-c6f2-4554-993d-fbed644730d4	Linkin Park. Руководство пользователя	{"Нил Дэниэлс"}	0	{}	\N	\N		2021-01-26 22:47:20+00	0		21	2021-01-26 22:47:20+00	\N	\N	\N	\N	\N	\N	\N	\N	\N	\N	null	\N
a0596493-7a63-44d8-84d8-425d8e732025	Тайный крестовый поход	{"Оливер Боуден"}	2	{}	\N	\N		2021-01-26 22:49:30+00	0		21	2021-01-26 22:49:30+00	1	1	2017	1	1	2017	\N	\N	b7616771-70f4-4c7a-bb78-85c36eab271e	1	null	\N
2f1636a7-aaf8-404c-b1b6-466543cbf007	Ренессанс	{"Оливер Боуден"}	2	{}	\N	\N		2021-01-26 22:50:07+00	0		21	2021-01-26 22:50:07+00	1	1	2017	1	1	2017	\N	\N	b7616771-70f4-4c7a-bb78-85c36eab271e	2	null	\N
c3290f81-141b-463e-88fb-4ed833e4442c	Братство	{"Оливер Боуден"}	2	{}	\N	\N		2021-01-26 22:50:35+00	0		21	2021-01-26 22:50:35+00	1	1	2017	1	1	2017	\N	\N	b7616771-70f4-4c7a-bb78-85c36eab271e	3	null	\N
b8cabc92-d3ef-4844-96d8-2377808b92b2	Отверженный	{"Оливер Боуден"}	0	{}	32	444		2021-09-22 00:57:35+00	0		21	2021-01-26 22:52:00+00	\N	\N	\N	1	12	2020	\N	\N	b7616771-70f4-4c7a-bb78-85c36eab271e	5	Done	\N
e6ef1cbc-b164-49ef-80e4-2b1deec127ca	Черный флаг	{"Оливер Боуден"}	0	{}	\N	\N		2021-01-26 22:52:25+00	0		21	2021-01-26 22:52:26+00	\N	\N	\N	\N	\N	\N	\N	\N	b7616771-70f4-4c7a-bb78-85c36eab271e	6	null	\N
27cfd5a5-40b7-4e56-ad4a-c9bb6a4a28dc	Единство	{"Оливер Боуден"}	0	{}	\N	\N		2021-01-26 22:52:46+00	0		21	2021-01-26 22:52:46+00	\N	\N	\N	\N	\N	\N	\N	\N	b7616771-70f4-4c7a-bb78-85c36eab271e	7	null	\N
61ea94f7-a7bd-45ed-ad23-5dd9fb702bf8	Братство кольца	{"Джон Толкин"}	0	{}	\N	\N		2021-01-26 22:54:26+00	0		21	2021-01-26 22:54:15+00	\N	\N	\N	\N	\N	\N	\N	\N	308a8df0-8809-4dff-938c-3cbacfb6a640	1	null	\N
c79e71ca-0d31-47e0-9905-2148183d483a	Две твердыни	{"Джон Толкин"}	0	{}	\N	\N		2021-01-26 22:54:51+00	0		21	2021-01-26 22:54:52+00	\N	\N	\N	\N	\N	\N	\N	\N	308a8df0-8809-4dff-938c-3cbacfb6a640	2	null	\N
73a5ca8e-8cd2-4aec-8272-79c7314f327f	Возвращение короля	{"Джон Толкин"}	0	{}	\N	\N		2021-01-26 22:55:13+00	0		21	2021-01-26 22:55:13+00	\N	\N	\N	\N	\N	\N	\N	\N	308a8df0-8809-4dff-938c-3cbacfb6a640	3	null	\N
017a7fe4-ca16-4d36-8b7c-3442496b96dd	Чистая архитектура	{"Роберт Мартин"}	1	{IT}	162	431		2022-02-15 22:40:55+00	1		21	2021-07-07 12:35:38+00	\N	\N	\N	15	10	2021	0	\N	\N	\N	Done	\N
017a8bf3-bdc7-4da4-8ff8-3442496b96dd	Человек с рассеченной губой	{"Артур Конан Дойл"}	2	{}	\N	\N		2021-07-09 20:47:40+00	2		21	2021-07-09 20:47:24+00	9	7	2021	9	7	2021	\N	\N	017a2b06-6ae7-4cbe-9720-3442496b96dd	\N	Done	\N
017a8bf5-0440-4f22-a226-3442496b96dd	Убийство в Эбби-Грейндж	{"Артур Конан Дойл"}	2	{}	0	0		2021-07-14 08:38:18+00	0		21	2021-07-09 20:48:48+00	14	7	2021	9	7	2021	\N	\N	017a2b06-6ae7-4cbe-9720-3442496b96dd	\N	Done	\N
dce11c1e-efe2-4e2b-b38d-2283d2df8dab	Чёрный корсар	{"Эмилио Сальгари"}	2	{}	\N	\N		2021-09-06 00:58:27+00	2	Действие происходит в Карибском море во время Золотого века пиратства. Главный герой — человек по имени Эмилио Рокканера, известный как «Чёрный корсар» или «Повелитель Вентимильи» — пытается отомстить губернатору Маракайбо, герцогу Ван Гульду, за убитых братьев. С этой целью он объединяется с несколькими самыми известными пиратами того времени, в том числе с Франсуа Олоне и Генри Морганом, поклявшись не успокоиться, пока не совершит своего возмездия.	21	2021-01-28 15:08:52+00	5	9	2021	27	8	2021	\N	\N	\N	\N	Done	\N
b02a8522-d133-4097-98e4-36dc0dbb64f5	Причуда мертвеца	{"Агата Кристи"}	2	{}	0	\N		2021-02-10 21:31:32+00	2	Ариадна Оливер, знаменитая детективная писательница, просит Пуаро сопровождать её в Девон. В деревушке, где находится поместье, должен пройти сельский праздник. Ожидается «игра в убийство». Ариадна подозревает, что может произойти настоящее убийство. Пуаро, доверяющий интуиции писательницы, отправляется в Девон. Во время игры на празднике совершается настоящее убийство, которое соответствует всем правилам заявленной игры.	21	2021-01-29 13:26:08+00	10	2	2021	31	1	2021	\N	\N	ec963988-87c8-4e26-ba3e-dc1f05421f16	\N	null	\N
2c8acf7f-ed52-463f-8c6b-c971e1da3081	Трагедия в трех актах	{"Агата Кристи"}	2	{}	0	0		2021-04-28 10:35:31+00	2	Во время вечеринки на вилле знаменитого актера, недавно завязавшего с театральной карьерой, совершено убийство. Великий сыщик Эркюль Пуаро, оказавшийся в числе гостей, берется за расследование. «Трагедия в трех актах» не просто заставит усатого бельгийца окунуться в хитросплетения театральной жизни, но чуть не сделает его жертвой преступления.	21	2021-01-29 13:27:17+00	28	4	2021	21	4	2021	\N	\N	ec963988-87c8-4e26-ba3e-dc1f05421f16	\N	Done	\N
1ece1e84-d487-4862-93e8-d16f981d4db1	20 000 лье под водой	{"Жюль Верн"}	2	{}	952	952		2021-10-28 08:40:25+00	2		21	2021-02-11 00:28:49+00	28	10	2021	29	9	2021	0	\N	\N	\N	Left	\N
0178170f-d4ef-4e27-a802-3442496b96dd	Преступление и наказание	{"Федор Достоевский"}	0	{}	\N	\N		2021-03-09 17:56:56+00	2		21	2021-03-09 17:56:56+00	\N	\N	\N	\N	\N	\N	\N	\N	\N	\N	Done	\N
01783637-aef2-4417-998a-3442496b96dd	Метро 2033	{"Дмитрий Глуховский"}	0	{}	\N	\N		2021-03-15 19:08:42+00	0		21	2021-03-15 19:08:42+00	\N	\N	\N	\N	\N	\N	\N	\N	\N	\N	Done	\N
01791d77-8bfa-42df-b06c-3442496b96dd	Два билета туда	{"Андрей Круз","Андрей Царев"}	0	{}	\N	\N		2021-04-29 16:50:44+00	0		21	2021-04-29 16:50:44+00	\N	\N	\N	\N	\N	\N	\N	\N	\N	\N	Done	\N
01791d77-e432-4d43-b284-3442496b96dd	Последний борт на Одессу	{"Андрей Круз","Андрей Царев"}	0	{}	\N	\N		2021-04-29 16:51:07+00	0		21	2021-04-29 16:51:07+00	\N	\N	\N	\N	\N	\N	\N	\N	\N	\N	Done	\N
01792d40-21d8-4fc5-8162-3442496b96dd	Ночной дозор	{"Сергей Лукьяненко"}	0	{}	\N	\N		2021-05-02 18:24:08+00	0		21	2021-05-02 18:24:08+00	\N	\N	\N	\N	\N	\N	\N	\N	\N	\N	Done	\N
01795204-9c20-48f2-8930-3442496b96dd	Мстители. Начало	{}	0	{Комиксы}	\N	\N		2021-05-09 21:45:04+00	0		21	2021-05-09 21:45:05+00	\N	\N	\N	\N	\N	\N	\N	\N	\N	\N	Done	\N
01795205-d64c-4990-85bf-3442496b96dd	Гражданская война	{}	2	{Комиксы}	\N	\N		2021-05-09 21:46:24+00	0		21	2021-05-09 21:46:25+00	1	1	2019	1	1	2019	\N	\N	\N	\N	Done	\N
01795206-c2c6-4b09-8fcb-3442496b96dd	Гражданская война. Удивительный Человек-паук	{}	0	{Комиксы}	\N	\N		2021-05-09 21:47:25+00	0		21	2021-05-09 21:47:25+00	\N	\N	\N	\N	\N	\N	\N	\N	\N	\N	Done	\N
01795207-3fb5-4bdb-8d83-3442496b96dd	Гражданская война. Питер Паркер, человек-паук	{}	0	{Комиксы}	\N	\N		2021-05-09 21:47:57+00	0		21	2021-05-09 21:47:57+00	\N	\N	\N	\N	\N	\N	\N	\N	\N	\N	Done	\N
01795208-0294-4eef-888d-3442496b96dd	Бэтмен. Под красным колпаком	{}	0	{Комиксы}	\N	\N		2021-09-22 00:57:23+00	0		21	2021-05-09 21:48:47+00	\N	\N	\N	9	5	2021	\N	\N	0179520f-7625-45ed-8ff9-3442496b96dd	\N	Done	\N
0179520a-143b-4b7a-8b72-3442496b96dd	Бэтмен. Безумная любовь	{}	2	{Комиксы}	\N	\N		2021-05-09 21:59:05+00	0		21	2021-05-09 21:51:03+00	1	1	2019	1	1	2019	\N	\N	0179520f-7625-45ed-8ff9-3442496b96dd	\N	Done	\N
0179520b-e65c-4753-850b-3442496b96dd	Бэтмен. Короткие	{}	2	{Комиксы}	\N	\N		2021-05-09 21:58:54+00	0		21	2021-05-09 21:53:03+00	1	1	2019	1	1	2019	\N	\N	0179520f-7625-45ed-8ff9-3442496b96dd	\N	Done	\N
0179520c-b0f9-444d-853d-3442496b96dd	Бэтмен. Убойная прогулка	{}	2	{Комиксы}	\N	\N		2021-05-09 21:58:44+00	0		21	2021-05-09 21:53:54+00	1	1	2019	1	1	2019	\N	\N	0179520f-7625-45ed-8ff9-3442496b96dd	\N	Done	\N
0179520d-9f5c-4353-838c-3442496b96dd	Бэтмен. Что случилось с крестоносцем в маске?	{}	2	{Комиксы}	\N	\N		2021-05-09 21:59:32+00	0		21	2021-05-09 21:54:55+00	1	1	2019	1	1	2019	\N	\N	0179520f-7625-45ed-8ff9-3442496b96dd	\N	Done	\N
0179520e-3617-4e7a-832f-3442496b96dd	Бэтмен. Человек из неоткуда	{}	2	{Комиксы}	\N	\N		2021-05-09 21:57:51+00	0		21	2021-05-09 21:55:34+00	1	1	2019	1	1	2019	\N	\N	0179520f-7625-45ed-8ff9-3442496b96dd	\N	Done	\N
017a2b06-33f8-4b5f-9fce-3442496b96dd	Этюд в багровых тонах	{"Артур Конан Дойл"}	2	{}	0	0		2021-06-22 22:27:00+00	2		21	2021-06-21 01:04:24+00	22	6	2021	21	6	2021	\N	\N	017a2b06-6ae7-4cbe-9720-3442496b96dd	\N	Done	\N
017a7c07-b1b9-455c-8b17-3442496b96dd	Пестрая лета	{"Артур Конан Дойл"}	2	{}	0	0		2021-07-06 20:06:16+00	2		21	2021-07-06 18:35:17+00	6	7	2021	6	7	2021	\N	\N	017a2b06-6ae7-4cbe-9720-3442496b96dd	\N	Done	\N
dec231f8-0e3f-4d72-8136-29dcfdb688f3	Вокруг света за 80 дней	{"Жюль Верн"}	2	{}	500	500		2022-08-08 15:58:33.459193+00	2		21	2021-02-11 00:29:25+00	8	8	2022	6	7	2022	0	\N	\N	\N	Left	\N
017a8bf5-edda-4fc0-a4dc-3442496b96dd	Старик Хоттабыч	{}	2	{}	\N	\N		2021-07-09 20:49:48+00	0		21	2021-07-09 20:49:48+00	1	1	2005	1	1	2005	\N	\N	\N	\N	Done	\N
017a8f06-27d6-42d8-a282-3442496b96dd	Свидание со смертью	{"Агата Кристи"}	2	{}	0	0		2021-08-20 19:35:57+00	2		21	2021-07-10 11:06:23+00	20	8	2021	15	7	2021	\N	\N	ec963988-87c8-4e26-ba3e-dc1f05421f16	\N	Done	\N
017aa319-26cd-4193-9687-3442496b96dd	Пять апельсиновых зёрнышек	{"Артур Конан Дойл"}	2	{}	\N	\N		2021-07-15 13:36:34+00	2		21	2021-07-14 08:39:34+00	14	7	2021	14	7	2021	\N	\N	017a2b06-6ae7-4cbe-9720-3442496b96dd	\N	Done	\N
017aa94f-fa42-41bf-a11b-3442496b96dd	Тайна Боскомской долины	{"Артур Конан Дойл"}	2	{}	0	0		2021-07-15 18:58:35+00	2		21	2021-07-15 13:37:09+00	15	7	2021	14	7	2021	\N	\N	017a2b06-6ae7-4cbe-9720-3442496b96dd	\N	Done	\N
017bb787-1dd9-4a6a-ae90-3442496b96dd	Королева карибов	{"Эмилио Сальгари"}	2	{}	0	0		2021-09-22 00:56:54+00	2	null	21	2021-09-06 00:54:50+00	21	9	2021	6	9	2021	\N	\N	\N	\N	Done	\N
cdf8d991-2abb-4aed-9a1d-27ffc1f5d119	Таинственный остров	{"Жюль Верн"}	0	{}	0	0		2021-10-28 13:41:22+00	2		21	2021-10-28 08:41:24+00	\N	\N	\N	\N	\N	\N	0	\N	\N	\N	Done	\N
186cb03a-5901-4241-bd7c-181f0f91c504	Рождество Эркюля Пуаро	{"Агата Кристи"}	2	{}	520	520		2021-11-17 10:45:23+00	2		21	2021-10-30 21:02:11+00	17	11	2021	4	11	2021	0	\N	ec963988-87c8-4e26-ba3e-dc1f05421f16	\N	Left	\N
f36f8b83-b7e4-44d8-a69d-29324a552dfe	Смерть в облаках	{"Агата Кристи"}	2	{}	383	383		2021-11-04 23:40:11+00	2		21	2021-10-30 21:14:07+00	4	11	2021	30	10	2021	0	\N	ec963988-87c8-4e26-ba3e-dc1f05421f16	\N	Left	\N
b12e5ce2-d2c4-4479-9ae8-db06fac2ba81	Загадочное происшествие в Стайлзе	{"Агата Кристи"}	2	{}	405	405		2021-12-16 15:44:57+00	2		21	2021-12-08 23:08:36+00	16	12	2021	8	12	2021	0	\N	ec963988-87c8-4e26-ba3e-dc1f05421f16	\N	Left	\N
b30477f0-db8c-4d9f-9645-d4f9f765ccc5	Десять негритят	{"Агата Кристи"}	2	{}	0	0		2022-02-07 23:03:46+00	2		21	2021-12-16 23:14:23+00	21	12	2021	16	12	2021	0	\N	\N	\N	Left	\N
397a8ab1-8a5c-4bf3-a630-423c65e53b7e	Последнее желание	{"Анджей Сапковский"}	2	{}	597	597		2022-01-20 01:02:04+00	2		21	2021-12-25 22:41:40+00	20	1	2022	25	12	2021	0	\N	ed2af077-13c3-49c7-b657-b2a13c6c6fe0	1	Left	\N
54b49460-7e51-46d7-93ee-27f522cd5c36	Знак Зорро	{"Джонстон Мак-Кэллэй"}	0	{}	0	0		2021-12-26 04:10:24+00	2		21	2021-12-25 23:10:24+00	\N	\N	\N	\N	\N	\N	0	\N	\N	\N	Done	\N
cf8080d9-6c8c-4d1c-b123-a119c732d2de	Гарри Поттер и философский камень	{"Джоан Роулинг"}	2	{}	0	0		2022-01-11 09:30:38+00	0		21	2022-01-11 04:30:38+00	1	2	2008	1	2	2008	0	\N	9bad4081-1767-4e78-ae41-630c9ea01c18	1	Done	b1d6326e-e903-42e0-9d6a-139ed9338d36
92b5fb29-769e-4805-ad8e-ca8054d8ff38	Гарри Поттер и философский камень	{"Джоан Роулинг"}	2	{}	0	0		2022-01-11 04:31:35+00	0		21	2022-01-11 04:31:00+00	1	3	2008	1	3	2008	0	\N	9bad4081-1767-4e78-ae41-630c9ea01c18	1	Done	b1d6326e-e903-42e0-9d6a-139ed9338d36
f19a5961-cc1c-4e99-9b87-0a175a4a3ebb	Гарри Поттер и философский камень	{"Джоан Роулинг"}	2	{}	0	0		2022-01-11 09:31:34+00	0		21	2022-01-11 04:31:34+00	1	4	2008	1	4	2008	0	\N	9bad4081-1767-4e78-ae41-630c9ea01c18	1	Done	b1d6326e-e903-42e0-9d6a-139ed9338d36
958e63df-ab1f-431f-84c8-ae01369a58e9	Гарри Поттер и философский камень	{"Джоан Роулинг"}	2	{}	0	0		2022-01-11 09:32:06+00	0		21	2022-01-11 04:32:07+00	1	5	2008	1	5	2008	0	\N	9bad4081-1767-4e78-ae41-630c9ea01c18	1	Done	b1d6326e-e903-42e0-9d6a-139ed9338d36
11d4475a-0018-4af3-95ad-916f55dd072c	Гарри Поттер и философский камень	{"Джоан Роулинг"}	2	{}	0	0		2022-01-11 09:32:29+00	0		21	2022-01-11 04:32:29+00	1	6	2008	1	6	2008	0	\N	9bad4081-1767-4e78-ae41-630c9ea01c18	1	Done	b1d6326e-e903-42e0-9d6a-139ed9338d36
e3aa53e7-f12d-4c27-a15f-a5d1980d35fe	Гарри Поттер и философский камень	{"Джоан Роулинг"}	2	{}	0	0		2022-01-11 09:32:53+00	0		21	2022-01-11 04:32:53+00	1	7	2008	1	7	2008	0	\N	9bad4081-1767-4e78-ae41-630c9ea01c18	1	Done	b1d6326e-e903-42e0-9d6a-139ed9338d36
f6f7664b-b6f8-4247-bde3-cc8709a45661	Гарри Поттер и философский камень	{"Джоан Роулинг"}	2	{}	0	0		2022-02-07 23:04:24+00	2		21	2022-01-11 04:33:56+00	1	1	2021	1	1	2021	0	\N	9bad4081-1767-4e78-ae41-630c9ea01c18	1	Done	b1d6326e-e903-42e0-9d6a-139ed9338d36
c4b877c8-f039-4584-8d99-9a21c3fb8b6d	Гарри Поттер и тайная комната	{"Джоан Роулинг"}	2	{}	0	0		2022-01-11 09:34:26+00	0		21	2022-01-11 04:34:27+00	1	2	2008	1	2	2008	0	\N	9bad4081-1767-4e78-ae41-630c9ea01c18	2	Done	e238380a-699d-441e-8508-ba4a46cf6102
d875b59e-01cd-485e-b119-8584afcb1437	Гарри Поттер и тайная комната	{"Джоан Роулинг"}	2	{}	0	0		2022-01-11 09:34:42+00	0		21	2022-01-11 04:34:43+00	1	3	2008	1	3	2008	0	\N	9bad4081-1767-4e78-ae41-630c9ea01c18	2	Done	e238380a-699d-441e-8508-ba4a46cf6102
b3a72e4f-c82a-46f6-8d8b-35c3a897bbee	Гарри Поттер и тайная комната	{"Джоан Роулинг"}	2	{}	0	0		2022-01-11 09:34:59+00	0		21	2022-01-11 04:35:00+00	1	4	2008	1	4	2008	0	\N	9bad4081-1767-4e78-ae41-630c9ea01c18	2	Done	e238380a-699d-441e-8508-ba4a46cf6102
fdd3ad71-d19f-4b1c-b8bc-19e6cc7c0c56	Гарри Поттер и тайная комната	{"Джоан Роулинг"}	2	{}	0	0		2022-01-11 09:35:16+00	0		21	2022-01-11 04:35:16+00	1	5	2008	1	5	2008	0	\N	9bad4081-1767-4e78-ae41-630c9ea01c18	2	Done	e238380a-699d-441e-8508-ba4a46cf6102
b82a70b1-4e0c-4d2e-9cd9-20c81a5d7d0c	Гарри Поттер и тайная комната	{"Джоан Роулинг"}	2	{}	0	0		2022-01-11 09:35:28+00	0		21	2022-01-11 04:35:29+00	1	6	2008	1	6	2008	0	\N	9bad4081-1767-4e78-ae41-630c9ea01c18	2	Done	e238380a-699d-441e-8508-ba4a46cf6102
c7d626d6-0fbe-47b0-bd57-7ff6714303b4	Гарри Поттер и тайная комната	{"Джоан Роулинг"}	2	{}	0	0		2022-01-11 09:35:42+00	0		21	2022-01-11 04:35:43+00	1	7	2008	1	7	2008	0	\N	9bad4081-1767-4e78-ae41-630c9ea01c18	2	Done	e238380a-699d-441e-8508-ba4a46cf6102
e1766088-dcb8-4bae-8838-2779ed719713	Гарри Поттер и тайная комната	{"Джоан Роулинг"}	2	{}	0	0		2022-02-07 23:04:14+00	2		21	2022-01-11 04:36:04+00	1	2	2021	1	2	2021	0	\N	9bad4081-1767-4e78-ae41-630c9ea01c18	2	Done	e238380a-699d-441e-8508-ba4a46cf6102
96c0acd6-cc11-4be5-8c74-661e2ce393a5	Гарри Поттер и узник Азкабана	{"Джоан Роулинг"}	2	{}	0	0		2022-01-11 09:37:20+00	0		21	2022-01-11 04:37:20+00	1	2	2008	1	2	2008	0	\N	9bad4081-1767-4e78-ae41-630c9ea01c18	3	Done	0be17c44-177c-4f09-934b-c4de8a2acfa4
ca4580bb-87d3-4811-bc96-1e2cf48e4b80	Гарри Поттер и узник Азкабана	{"Джоан Роулинг"}	2	{}	0	0		2022-01-11 09:37:33+00	0		21	2022-01-11 04:37:34+00	1	3	2008	1	3	2008	0	\N	9bad4081-1767-4e78-ae41-630c9ea01c18	3	Done	0be17c44-177c-4f09-934b-c4de8a2acfa4
c2620e17-c44b-4f9c-85bb-a378236b203e	Гарри Поттер и узник Азкабана	{"Джоан Роулинг"}	2	{}	0	0		2022-01-11 09:37:46+00	0		21	2022-01-11 04:37:46+00	1	4	2008	1	4	2008	0	\N	9bad4081-1767-4e78-ae41-630c9ea01c18	3	Done	0be17c44-177c-4f09-934b-c4de8a2acfa4
017a8bf6-4b7c-4eb1-a8cd-3442496b96dd	Путешествия Гулливера	{}	2	{}	0	0		2022-06-17 18:11:46.652141+00	0		21	2021-07-09 20:50:12+00	1	1	2005	1	1	2005	\N	\N	\N	\N	Done	\N
40deaa6d-6468-4bbf-90cb-b550c765b49b	Гарри Поттер и узник Азкабана	{"Джоан Роулинг"}	2	{}	0	0		2022-01-11 09:37:58+00	0		21	2022-01-11 04:37:58+00	1	5	2008	1	5	2008	0	\N	9bad4081-1767-4e78-ae41-630c9ea01c18	3	Done	0be17c44-177c-4f09-934b-c4de8a2acfa4
ee43245d-2b51-4911-bd5e-5581d5200770	Гарри Поттер и узник Азкабана	{"Джоан Роулинг"}	2	{}	0	0		2022-01-11 09:38:15+00	0		21	2022-01-11 04:38:16+00	1	6	2008	1	6	2008	0	\N	9bad4081-1767-4e78-ae41-630c9ea01c18	3	Done	0be17c44-177c-4f09-934b-c4de8a2acfa4
f402d3e4-25cd-4900-bb90-7ab344ef64ac	Гарри Поттер и узник Азкабана	{"Джоан Роулинг"}	2	{}	0	0		2022-01-11 09:38:32+00	0		21	2022-01-11 04:38:33+00	1	7	2008	1	7	2008	0	\N	9bad4081-1767-4e78-ae41-630c9ea01c18	3	Done	0be17c44-177c-4f09-934b-c4de8a2acfa4
e8830258-432d-4c00-9b2b-702681b87907	Гарри Поттер и узник Азкабана	{"Джоан Роулинг"}	2	{}	0	0		2022-02-07 23:04:09+00	2		21	2022-01-11 04:38:48+00	1	3	2021	1	3	2021	0	\N	9bad4081-1767-4e78-ae41-630c9ea01c18	3	Done	0be17c44-177c-4f09-934b-c4de8a2acfa4
e5cf78ad-35b0-451a-8088-0475d7f9d7bb	Гарри Поттер и кубок огня	{"Джоан Роулинг"}	2	{}	0	0		2022-01-11 09:39:23+00	0		21	2022-01-11 04:39:24+00	1	2	2008	1	2	2008	0	\N	9bad4081-1767-4e78-ae41-630c9ea01c18	4	Done	0b5932d8-1c1d-4050-b0cb-009da22f9ec8
8e50b4ca-9648-42a9-b22c-35fe300d3f90	Гарри Поттер и кубок огня	{"Джоан Роулинг"}	2	{}	0	0		2022-01-11 09:39:39+00	0		21	2022-01-11 04:39:39+00	1	3	2008	1	3	2008	0	\N	9bad4081-1767-4e78-ae41-630c9ea01c18	4	Done	0b5932d8-1c1d-4050-b0cb-009da22f9ec8
ffbcb0b2-161a-43ba-8306-144728097d1e	Гарри Поттер и кубок огня	{"Джоан Роулинг"}	2	{}	0	0		2022-01-11 09:39:53+00	0		21	2022-01-11 04:39:53+00	1	4	2008	1	4	2008	0	\N	9bad4081-1767-4e78-ae41-630c9ea01c18	4	Done	0b5932d8-1c1d-4050-b0cb-009da22f9ec8
1515485b-caae-4851-808f-a2d087be562e	Гарри Поттер и кубок огня	{"Джоан Роулинг"}	2	{}	0	0		2022-01-11 09:40:07+00	0		21	2022-01-11 04:40:07+00	1	5	2008	1	5	2008	0	\N	9bad4081-1767-4e78-ae41-630c9ea01c18	4	Done	0b5932d8-1c1d-4050-b0cb-009da22f9ec8
f9750880-b150-4a90-8e59-1f4a505e56e7	Гарри Поттер и кубок огня	{"Джоан Роулинг"}	2	{}	0	0		2022-01-11 09:40:22+00	0		21	2022-01-11 04:40:22+00	1	6	2008	1	6	2008	0	\N	9bad4081-1767-4e78-ae41-630c9ea01c18	4	Done	0b5932d8-1c1d-4050-b0cb-009da22f9ec8
c73e7caa-5ccc-41b9-b2b4-c05434698996	Гарри Поттер и кубок огня	{"Джоан Роулинг"}	2	{}	0	0		2022-01-11 09:40:35+00	0		21	2022-01-11 04:40:35+00	1	7	2008	1	7	2008	0	\N	9bad4081-1767-4e78-ae41-630c9ea01c18	4	Done	0b5932d8-1c1d-4050-b0cb-009da22f9ec8
26408681-158b-48b4-b48a-062d5ee5d57e	Гарри Поттер и кубок огня	{"Джоан Роулинг"}	2	{}	0	0		2022-02-07 23:03:57+00	2		21	2022-01-11 04:40:54+00	1	4	2021	1	4	2021	0	\N	9bad4081-1767-4e78-ae41-630c9ea01c18	4	Done	0b5932d8-1c1d-4050-b0cb-009da22f9ec8
025cd9e6-1b74-4bb6-a967-9433e4852efe	Гарри Поттер и орден феникса	{"Джоан Роулинг"}	2	{}	0	0		2022-01-11 09:41:17+00	0		21	2022-01-11 04:41:18+00	1	2	2008	1	2	2008	0	\N	9bad4081-1767-4e78-ae41-630c9ea01c18	5	Done	8c2fd712-b052-429f-afd4-0d65a4925721
d112a5db-cad7-4350-8e7d-29dcf95ab572	Гарри Поттер и орден феникса	{"Джоан Роулинг"}	2	{}	0	0		2022-01-11 09:41:28+00	0		21	2022-01-11 04:41:29+00	1	3	2008	1	3	2008	0	\N	9bad4081-1767-4e78-ae41-630c9ea01c18	5	Done	8c2fd712-b052-429f-afd4-0d65a4925721
167c0f66-c9df-4f52-a9ea-5edabca183be	Гарри Поттер и орден феникса	{"Джоан Роулинг"}	2	{}	0	0		2022-01-11 09:41:40+00	0		21	2022-01-11 04:41:40+00	1	4	2008	1	4	2008	0	\N	9bad4081-1767-4e78-ae41-630c9ea01c18	5	Done	8c2fd712-b052-429f-afd4-0d65a4925721
31b74c6f-12fc-4eff-9ee0-27608d55ce5d	Гарри Поттер и орден феникса	{"Джоан Роулинг"}	2	{}	0	0		2022-01-11 09:41:51+00	0		21	2022-01-11 04:41:52+00	1	5	2008	1	5	2008	0	\N	9bad4081-1767-4e78-ae41-630c9ea01c18	5	Done	8c2fd712-b052-429f-afd4-0d65a4925721
452760c4-bf6e-4b18-bdfa-afba8301dc9d	Гарри Поттер и орден феникса	{"Джоан Роулинг"}	2	{}	0	0		2022-01-11 09:42:02+00	0		21	2022-01-11 04:42:02+00	1	6	2008	1	6	2008	0	\N	9bad4081-1767-4e78-ae41-630c9ea01c18	5	Done	8c2fd712-b052-429f-afd4-0d65a4925721
a140f492-f0f1-4506-aa8e-5ee62479ac13	Гарри Поттер и орден феникса	{"Джоан Роулинг"}	2	{}	0	0		2022-02-07 23:04:43+00	0		21	2022-01-11 04:42:13+00	1	7	2008	1	7	2008	0	\N	9bad4081-1767-4e78-ae41-630c9ea01c18	5	Done	8c2fd712-b052-429f-afd4-0d65a4925721
7f839d78-ac51-45a7-97f4-ed033be5053f	Гарри Поттер и принц-полукровка	{"Джоан Роулинг"}	2	{}	0	0		2022-01-11 09:43:55+00	0		21	2022-01-11 04:43:56+00	1	2	2008	1	2	2008	0	\N	9bad4081-1767-4e78-ae41-630c9ea01c18	6	Done	b1fdace6-2eed-4796-ba8d-d113c323fe66
de2d392b-aea9-409b-81c4-9a2a94cadc90	Гарри Поттер и принц-полукровка	{"Джоан Роулинг"}	2	{}	0	0		2022-01-11 09:44:06+00	0		21	2022-01-11 04:44:06+00	1	3	2008	1	3	2008	0	\N	9bad4081-1767-4e78-ae41-630c9ea01c18	6	Done	b1fdace6-2eed-4796-ba8d-d113c323fe66
41991819-c486-4d2e-9dd2-2fec2b5ae0db	Гарри Поттер и принц-полукровка	{"Джоан Роулинг"}	2	{}	0	0		2022-01-11 09:44:16+00	0		21	2022-01-11 04:44:17+00	1	4	2008	1	4	2008	0	\N	9bad4081-1767-4e78-ae41-630c9ea01c18	6	Done	b1fdace6-2eed-4796-ba8d-d113c323fe66
f2e84969-3a44-45b8-b58e-8daf0558b1d7	Гарри Поттер и принц-полукровка	{"Джоан Роулинг"}	2	{}	0	0		2022-01-11 09:44:26+00	0		21	2022-01-11 04:44:27+00	1	5	2008	1	5	2008	0	\N	9bad4081-1767-4e78-ae41-630c9ea01c18	6	Done	b1fdace6-2eed-4796-ba8d-d113c323fe66
a157749f-cf5c-4363-8918-78688deced07	Гарри Поттер и принц-полукровка	{"Джоан Роулинг"}	2	{}	0	0		2022-01-11 09:44:37+00	0		21	2022-01-11 04:44:37+00	1	6	2008	1	6	2008	0	\N	9bad4081-1767-4e78-ae41-630c9ea01c18	6	Done	b1fdace6-2eed-4796-ba8d-d113c323fe66
e723f7e0-2765-4de9-9f85-6419dbee2a53	Гарри Поттер и дары смерти	{"Джоан Роулинг"}	2	{}	0	0		2022-01-11 09:45:02+00	0		21	2022-01-11 04:45:02+00	1	2	2008	1	2	2008	0	\N	9bad4081-1767-4e78-ae41-630c9ea01c18	7	Done	88d908e3-898b-48d3-961e-bf12a96defae
02e4311d-bc1f-4563-93f0-57a50fe1c7f3	Гарри Поттер и дары смерти	{"Джоан Роулинг"}	2	{}	0	0		2022-01-11 09:45:15+00	0		21	2022-01-11 04:45:15+00	1	3	2008	1	3	2008	0	\N	9bad4081-1767-4e78-ae41-630c9ea01c18	7	Done	88d908e3-898b-48d3-961e-bf12a96defae
422f7ec0-51c9-4a7f-8eee-707a47a48d5d	Гарри Поттер и дары смерти	{"Джоан Роулинг"}	2	{}	0	0		2022-01-11 09:45:26+00	0		21	2022-01-11 04:45:26+00	1	4	2008	1	4	2008	0	\N	9bad4081-1767-4e78-ae41-630c9ea01c18	7	Done	88d908e3-898b-48d3-961e-bf12a96defae
94891756-655e-43e3-bf33-6e4fa8e1e319	Гарри Поттер и дары смерти	{"Джоан Роулинг"}	2	{}	0	0		2022-01-11 09:45:36+00	0		21	2022-01-11 04:45:36+00	1	5	2008	1	5	2008	0	\N	9bad4081-1767-4e78-ae41-630c9ea01c18	7	Done	88d908e3-898b-48d3-961e-bf12a96defae
58f573c8-ce06-4983-b01e-58a12eca2f2a	Гарри Поттер и дары смерти	{"Джоан Роулинг"}	2	{}	0	0		2022-01-11 09:45:46+00	0		21	2022-01-11 04:45:47+00	1	6	2008	1	6	2008	0	\N	9bad4081-1767-4e78-ae41-630c9ea01c18	7	Done	88d908e3-898b-48d3-961e-bf12a96defae
c4bd02a7-8838-4f4d-9e20-d71842697136	Гарри Поттер и принц-полукровка	{"Джоан Роулинг"}	2	{}	0	0		2022-05-12 12:23:34.974329+00	0		21	2022-01-11 04:44:49+00	1	7	2008	1	7	2008	0	\N	9bad4081-1767-4e78-ae41-630c9ea01c18	6	Done	b1fdace6-2eed-4796-ba8d-d113c323fe66
426eb458-494c-4488-a1b0-ecf159722bf8	Гарри Поттер и дары смерти	{"Джоан Роулинг"}	2	{}	0	0		2022-02-07 23:04:52+00	0		21	2022-01-11 04:45:57+00	1	7	2008	1	7	2008	0	\N	9bad4081-1767-4e78-ae41-630c9ea01c18	7	Done	88d908e3-898b-48d3-961e-bf12a96defae
3940cc13-8479-4936-bb0e-9270f71f6bbd	Хмель и Клондайк	{}	0	{}	0	0		2022-01-20 15:19:09+00	2		21	2022-01-20 10:19:10+00	\N	\N	\N	\N	\N	\N	0	\N	\N	\N	Done	\N
654b4d44-2afd-4b1c-bf59-8f69c0e098eb	Меч Предназначения	{"Анджей Сапковский"}	2	{}	770	770		2022-02-14 22:58:48+00	2		21	2022-01-20 18:07:02+00	14	2	2022	2	2	2022	0	\N	ed2af077-13c3-49c7-b657-b2a13c6c6fe0	2	Left	\N
b1d97e69-0116-44f5-9304-a017c5f8d733	Кладбище домашних животных	{"Стивен Кинг"}	2	{}	860	860		2022-03-05 18:59:37+00	2		21	2022-02-08 11:29:39+00	5	3	2022	21	2	2022	0	\N	\N	\N	Left	\N
c56c25af-dbce-4237-8661-2c18903b776a	Безмолвный пациент	{"Алекс Михаэлидес"}	2	{}	570	570		2022-02-21 19:06:15+00	2		21	2022-02-08 11:33:02+00	21	2	2022	14	2	2022	0	\N	\N	\N	Left	\N
f2589c2f-ce63-4d28-a52d-afe54ae2759f	Немой свидетель	{"Агата Кристи"}	2	{}	532	532		2022-03-21 17:55:47+00	2		21	2022-03-08 23:49:31+00	21	3	2022	9	3	2022	0	\N	ec963988-87c8-4e26-ba3e-dc1f05421f16	\N	Left	\N
ba4ff85c-0b2e-4b3c-bdcb-29a22c28c6a7	Зов Полярной звезды	{"Александр Руж"}	2	{}	678	678		2022-04-01 00:03:01+00	2		21	2022-03-18 20:22:28+00	1	4	2022	21	3	2022	0	\N	\N	\N	Left	\N
29258235-fa46-4f43-bcfe-9fde3442b1f5	Алгоритмы. Теория и практическое применение	{"Род Стивенс"}	1	{IT}	50	542	\N	2022-06-12 09:03:28.333282+00	0		21	2022-03-14 12:40:53+00	\N	\N	\N	1	4	2022	0	\N	\N	\N	Done	\N
91e77ef7-4d0b-46f2-a3e9-8554aebe9f78	Идеальный программист	{"Роберт Мартин"}	2	{IT}	210	210	\N	2022-05-02 06:41:19.916435+00	0		21	2022-01-25 10:27:58+00	28	3	2022	25	1	2022	0	\N	\N	\N	Done	\N
017a2806-7bd0-478e-adbb-3442496b96dd	Око Озириса	{"Ричард Остин Фримен"}	2	{}	0	0	\N	2021-07-06 19:08:00+00	2		21	2021-06-20 11:05:52+00	6	7	2021	27	6	2021	\N	\N	\N	\N	Done	\N
017a2b10-38b3-4d48-9a29-3442496b96dd	Знак четырех	{"Артур Конан Дойл"}	2	{}	0	0	\N	2021-06-27 16:49:16+00	2		21	2021-06-21 01:15:20+00	27	6	2021	22	6	2021	\N	\N	017a2b06-6ae7-4cbe-9720-3442496b96dd	\N	Done	\N
5f1a9780-b451-4a30-a741-321b5900bc8f	Пляшущие человечки	{"Артур Конан Дойл"}	2	{}	0	0	\N	2021-12-05 05:02:09+00	2		21	2021-12-05 00:02:10+00	5	12	2021	5	12	2021	0	\N	017a2b06-6ae7-4cbe-9720-3442496b96dd	\N	Done	\N
a00e80f5-4a8b-4a66-9009-51eed629dccd	Большая четверка	{"Агата Кристи"}	2	{}	379	379	\N	2022-01-31 23:37:43+00	2		21	2022-01-24 18:17:31+00	31	1	2022	24	1	2022	0	\N	ec963988-87c8-4e26-ba3e-dc1f05421f16	\N	Left	\N
8f090e09-0a25-4629-8910-5c5b8a51fbfb	Путешествия Гулливера	{"Джонатан Свифт"}	2	{}	0	0		2022-07-04 03:56:08.950126+00	2		21	2022-06-17 18:11:46.104969+00	4	7	2022	25	6	2022	0	\N	\N	\N	Left	017a8bf6-4b7c-4eb1-a8cd-3442496b96dd
0efae614-8a07-4ab4-a167-e840669fa64b	Пробуждение Левиафана	{"Джеймс Кори"}	2	{}	1068	1068		2022-05-10 05:38:31.728352+00	2		21	2022-04-02 23:59:19+00	10	5	2022	3	4	2022	0	\N	\N	\N	Left	\N
31887490-46c2-4753-a265-e32fb9ab5f93	Гарри Поттер и орден феникса	{"Джоан Роулинг"}	2	{}	1766	1766		2022-05-11 18:36:02.987527+00	2		21	2022-01-11 04:43:26+00	11	5	2022	5	1	2022	0	\N	9bad4081-1767-4e78-ae41-630c9ea01c18	5	Left	8c2fd712-b052-429f-afd4-0d65a4925721
aa02bb84-9708-4973-83b4-49582368de1a	Вдовий плат	{"Борис Акунин"}	2	{}	563	563	История	2022-05-12 01:15:52.740116+00	2		2	2022-05-02 16:12:53.471134+00	12	5	2022	30	4	2022	0	\N	c39273fd-c77f-4b7d-96d1-2e6d99fe7005	3.1	Left	\N
a64f1e68-2282-48b3-91c0-e3bf756dd16e	Горе невинным	{"Агата Кристи"}	2	{}	537	537		2022-06-05 19:44:48.100613+00	2	\N	21	2022-05-19 18:37:28.335385+00	6	6	2022	19	5	2022	0	\N	\N	\N	Left	\N
ba3bebbe-59e5-42ad-86eb-15cbc5eeea30	Дураки умирают	{"Марио Пьюзо"}	2	{Казино,Драма,"Социальная драма",Криминал}	1390	1390	Драма	2022-06-19 18:56:28.729748+00	2	\N	2	2022-06-09 17:52:53.95512+00	19	6	2022	9	6	2022	1978	\N	\N	\N	Done	\N
c2419985-bddf-40d4-93a2-1f1009fdfa46	Кровь эльфов	{"Анджей Сапковский"}	2	{}	669	669		2022-06-24 21:00:29.948886+00	2		21	2022-02-25 00:00:16+00	25	6	2022	10	6	2022	0	\N	ed2af077-13c3-49c7-b657-b2a13c6c6fe0	3	Left	\N
1c0c0d84-112e-4b2e-9016-cd448cf2514e	Сыновья уходят в бой	{"Алесь Адамович"}	2	{"Великая отечественная война",Партизаны,История,Война}	315	315	История	2022-05-30 17:29:06.74698+00	1		2	2022-05-02 14:52:29.578468+00	30	5	2022	2	5	2022	1963	\N	d118e7ea-687e-4601-88b3-08bbc5e67b5d	\N	Done	\N
0f4e0cfc-6c9e-4d28-a387-a75f7508a11c	Сталин. Жизнь и смерть	{"Эдвард Радзинский"}	2	{Сталин,СССР,История}	1390	1390	Нон-фикшен	2022-06-06 12:54:55.957954+00	2		2	2022-05-28 03:24:00.471296+00	6	6	2022	26	5	2022	0	\N	\N	\N	Done	\N
6bba2cb2-bf17-4bdd-8686-92c0b7dd6775	Происхождение семьи, частной собственности и государства	{"Фридрих Энгельс"}	2	{"Социальная литература",Социология,Экономика}	0	0	Нон-фикшен	2022-06-24 08:36:12+00	0		2	2022-06-24 03:36:14.699989+00	22	6	2022	\N	\N	\N	0	\N	\N	\N	Done	\N
01796b5a-fe5d-47e1-8043-3442496b96dd	Компьютерные сети	{"Виктор Олифер","Наталья Олифер"}	0	{Сети,Компьютеры}	202	968	Компьютерная литература	2022-07-31 17:57:10.543953+00	0		2	2021-05-14 19:49:27+00	\N	\N	\N	7	3	2022	0	\N	\N	\N	Done	\N
85d031d2-dc36-455d-ae04-aa44beb29526	Пятнадцатилетний капитан	{"Жюль Верн"}	2	{Море,Приключения}	278	983	Приключения	2022-08-02 14:46:49.142437+00	2		2	2022-06-26 09:15:37.592965+00	\N	\N	\N	25	6	2022	0	\N	\N	\N	Left	\N
67ff3e56-f297-487a-9afa-bbaaf2f6d00b	Масштабируемый рефакторинг	{"Мод Лемер"}	2	{"Разработка ПО",Рефакторинг}	156	251	Компьютерная литература	2022-07-25 12:29:14.443024+00	0		2	2022-07-10 17:49:40.953864+00	23	7	2022	10	7	2022	0	\N	\N	\N	Done	\N
f551ff25-46e4-466f-83d2-f4fd92736315	Паттерны объектно-ориентированного проектирования	{"Эрих Гамма","Джон Влисидис","Ральф Джонсон","Ричард Хелм"}	2	{Программирование,"Разработка ПО"}	427	427	Компьютерная литература	2022-08-07 16:36:09.200725+00	0		2	2022-07-28 14:53:39.925385+00	7	8	2022	28	7	2022	2022	\N	\N	\N	Done	\N
24106888-edf6-47e6-b5c0-41633da55293	Паттерны объектно-ориентированного проектирования	{}	0	{IT}	0	0		2022-08-08 22:52:07+00	0		21	2022-08-08 17:52:08.994042+00	\N	\N	\N	\N	\N	\N	0	\N	\N	\N	Done	\N
61527919-ce88-4d70-aef1-dfb9712e14b4	Лягушка, слон и брокколи	{"Алексей Марков"}	2	{Саморазвитие}	447	447	Нон-фикшен	2022-08-13 12:25:07.10413+00	2	\N	2	2022-08-03 13:31:17.682631+00	13	8	2022	3	8	2022	0	\N	\N	\N	Left	\N
8b72080d-55ec-40ae-ae7f-76343226b914	Чистый Agile	{"Роберт Мартин"}	2	{Программирование,"Разработка ПО"}	269	269	Компьютерная литература	2022-08-16 18:47:04.386387+00	0		2	2022-08-09 14:30:21.963261+00	16	8	2022	9	8	2022	0	\N	\N	\N	Done	\N
46c92be8-493a-4224-adbd-5721a23102b7	География на ладони	{"Уилл Уильямс"}	2	{География,Научпоп}	229	229	Нон-фикшен	2022-08-24 12:15:54.193878+00	0		2	2022-08-14 11:11:39.516777+00	24	8	2022	14	8	2022	0	\N	\N	\N	Done	\N
19fbd93a-688f-4333-83f9-0ab5f44b6b3c	Занимательная астрономия	{"Яков Перельман"}	2	{Наука,Астрономия,Научпоп}	250	250	Нон-фикшен	2022-08-13 17:52:40.85845+00	0		2	2022-07-31 17:55:42.366163+00	13	8	2022	28	7	2022	0	\N	\N	\N	Done	\N
26793063-64f7-47f4-8d55-970b44f7a730	Остров сокровищ	{"Роберт Стивенсон"}	2	{}	353	353		2022-08-25 15:32:56.470955+00	2		21	2022-08-09 19:01:01.850425+00	25	8	2022	10	8	2022	0	\N	\N	\N	Left	\N
c01ed518-3ca5-4ad6-ae20-dbb703fc9ee9	Эволюционная архитектура	{"Нил Форд","Ребекка Парсонс","Патрик Куа"}	2	{"Разработка ПО",Программирование}	272	272	Компьютерная литература	2022-09-02 17:19:59.947211+00	1		2	2022-08-25 18:13:07.091683+00	1	9	2022	16	8	2022	0	\N	\N	\N	Done	\N
29330fed-5540-4630-91c8-b5a9d396baad	Бродяги севера	{"Джейнс Оливер Кервуд"}	2	{Животные,Приключения,Аляска}	98	481	Приключения	2022-09-02 17:20:50.525378+00	2		2	2022-08-14 04:33:20.282645+00	27	8	2022	14	8	2022	0	\N	\N	\N	Left	\N
7c34cabf-a2eb-422b-8c27-4638f4c021f7	Гарри Поттер и принц-полукровка	{"Джоан Роулинг"}	2	{}	1204	1204		2022-09-12 06:15:56.281299+00	2		21	2022-05-12 12:23:34.736864+00	11	9	2022	11	5	2022	0	\N	9bad4081-1767-4e78-ae41-630c9ea01c18	6	Left	b1fdace6-2eed-4796-ba8d-d113c323fe66
88d908e3-898b-48d3-961e-bf12a96defae	Гарри Поттер и дары смерти	{"Джоан Роулинг"}	2	{}	0	0		2022-09-12 06:17:01.667361+00	0		21	2020-12-17 18:09:29+00	1	1	2008	1	1	2008	\N	\N	9bad4081-1767-4e78-ae41-630c9ea01c18	7	Done	\N
63a9f2ef-18d3-4060-98f0-58904c31c1ba	C# 9 и .NET 5	{"Марк Прайс"}	2	{C#,.Net,"Языки программирования"}	831	831	Компьютерная литература	2022-09-15 16:46:10.765523+00	0		2	2022-09-02 17:22:42.005287+00	15	9	2022	2	9	2022	2022	\N	\N	\N	Done	\N
b895cd38-8415-449c-9459-a8a882662999	Ритуал	{"Адам Невилл"}	2	{Мистика,"Древние боги",Природа}	266	266	Ужасы	2022-09-17 13:27:57.636585+00	0		2	2022-02-04 13:04:28+00	17	9	2022	11	9	2022	0	\N	\N	\N	Done	\N
e0261f82-e6e1-4a3e-bbdb-bcf345471058	Коммерсант	{"Андрей Круз"}	2	{"Другие миры",попаданцы,"боевая фантастика","земля лишних"}	771	771	Фантастика	2022-10-07 16:52:17.076051+00	0	null	2	2020-10-02 20:27:46+00	17	10	2020	11	10	2020	2018	\N	17ed625b-583e-47f1-83e7-f645dc591fba	2	null	\N
03919666-93f8-400f-b778-c212896bae55	HTTP/2 в действии	{"Барри Поллард"}	1	{Программирование,Сети,Технологии}	205	423	Компьютерная литература	2022-09-22 18:11:17.570428+00	1		2	2022-09-15 16:47:57.441748+00	\N	\N	\N	17	9	2022	0	\N	\N	\N	Done	\N
65e843c8-ac8a-43c0-8933-ce357b644d78	Час презрения	{"Анджей Сапковский"}	1	{}	456	701		2022-10-24 04:04:52.132776+00	2		21	2022-08-09 18:38:10.064944+00	\N	\N	\N	5	9	2022	0	\N	ed2af077-13c3-49c7-b657-b2a13c6c6fe0	4	Left	\N
70285a06-21a2-44e6-b2ef-5eef1d8f77b0	Приключения бравого солдата Швейка в русском плену	{}	0	{}	0	0		2022-08-05 13:06:22+00	0		2	2022-08-05 08:06:25.308659+00	\N	\N	\N	\N	\N	\N	0	2022-10-28 05:41:58.495686+00	\N	\N	Done	\N
3158c146-e14a-4784-b8f8-6f15fdec46ea	Гарри Поттер и дары смерти	{"Джоан Роулинг"}	2	{}	1339	1339		2022-10-31 20:10:12.720493+00	2	\N	21	2022-09-12 06:17:01.355408+00	1	11	2022	11	9	2022	0	\N	9bad4081-1767-4e78-ae41-630c9ea01c18	7	Left	88d908e3-898b-48d3-961e-bf12a96defae
be264b00-0543-423f-84cc-a4082f179ff3	Кровь драконов	{"Джордж Мартин"}	1	{Вестерос,Драконы,Магия,Средневековье}	211	778	Фэнтези	2022-10-31 18:07:13.444242+00	0		2	2022-10-29 06:07:48.768571+00	\N	\N	\N	27	10	2022	0	\N	e9aca114-68ba-4f42-a433-045e6e2476d5	\N	Done	\N
b1d6326e-e903-42e0-9d6a-139ed9338d36	Гарри Поттер и философский камень	{"Джоан Роулинг"}	2	{}	0	0		2022-10-31 20:10:56.457954+00	0		21	2020-12-18 04:01:12+00	1	1	2008	1	1	2008	0	\N	9bad4081-1767-4e78-ae41-630c9ea01c18	1	Done	\N
67419f1e-515b-4325-b111-776fd14968f6	Коммерсант	{"Андрей Круз"}	2	{"Другие миры",попаданцы,"боевая фантастика","земля лишних"}	475	475	Фантастика	2022-10-26 13:59:49.406076+00	0	null	2	2022-10-07 16:52:16.619148+00	26	10	2022	7	10	2022	2018	\N	17ed625b-583e-47f1-83e7-f645dc591fba	2	Done	e0261f82-e6e1-4a3e-bbdb-bcf345471058
546f5bc1-dca2-4147-a68a-450d44ae0229	Новая большая книга CSS	{"Дэвид Макфарланд"}	0	{}	0	0		2022-10-03 15:04:13+00	1		21	2022-10-03 10:04:13.839022+00	\N	\N	\N	\N	\N	\N	0	\N	\N	\N	Done	\N
0d49549f-db56-4133-8963-1e67dbd5aae0	Гарри Поттер и философский камень	{"Джоан Роулинг"}	1	{}	665	677		2022-10-31 20:12:01.430674+00	2		21	2022-10-31 20:10:55.793951+00	\N	\N	\N	1	11	2022	0	\N	9bad4081-1767-4e78-ae41-630c9ea01c18	1	Left	b1d6326e-e903-42e0-9d6a-139ed9338d36
3c84ff9e-8ecc-44cd-9353-4e83407ad45e	Побег	{"Андрей Круз"}	2	{"Земля лишних","боевая фантастика",попаданцы,"другие миры"}	381	381	Фантастика	2022-10-07 16:52:09.138331+00	1		2	2022-09-25 19:00:16.14913+00	7	10	2022	26	9	2022	2017	\N	17ed625b-583e-47f1-83e7-f645dc591fba	1	Done	5195c82e-569f-43a3-88fc-8ea847966d3a
96aebf2b-f675-4627-806f-42e6a11be996	Пляска драконов	{"Джордж Мартин"}	1	{Драконы,Вестерос,Средневековье,Магия}	42	778	Фэнтези	2022-10-27 18:45:10.042611+00	1		2	2022-10-27 17:01:01.395573+00	\N	\N	\N	27	10	2022	0	2022-10-28 05:41:44.074118+00	e9aca114-68ba-4f42-a433-045e6e2476d5	\N	Done	\N
81eadd45-fa29-4d04-a818-009a8d069f0d	Пляска смерти	{"Джордж Мартин"}	0	{Драконы,Магия,Вестерос,Средневековье}	0	0	Фэнтези	2022-10-27 22:01:40+00	1		2	2022-10-27 17:01:43.427825+00	\N	\N	\N	\N	\N	\N	0	2022-10-28 05:41:51.292693+00	e9aca114-68ba-4f42-a433-045e6e2476d5	\N	Done	\N
5aa1e88e-5e60-4e17-b95b-849add0f6ed4	Свинины финансы	{"Екатерина Белкина"}	2	{Финансы,Экономика}	354	354		2022-10-20 14:36:25.98618+00	2		2	2022-10-15 07:14:09.715456+00	20	10	2022	13	10	2022	0	\N	\N	\N	Done	\N
85d217d0-db17-40ae-9678-edf7ff2ecd09	Мгла над Инсмутом	{"Говард Филлипс Лавкрафт"}	0	{Ужасы,Классика,"Древние боги"}	112	794	Ужасы	2022-10-03 02:45:31.627696+00	2		2	2022-08-28 13:24:03.958715+00	\N	\N	\N	28	8	2022	1920	2022-10-28 05:41:54.77889+00	\N	\N	Done	\N
a8931586-357c-4f7b-9743-01a35ecd8b8d	Пляска смерти	{"Джордж Мартин"}	0	{Вестерос,Магия,Драконы,Средневековье}	0	0	Фэнтези	2022-10-29 11:08:30+00	0		2	2022-10-29 06:08:33.347212+00	\N	\N	\N	\N	\N	\N	0	\N	e9aca114-68ba-4f42-a433-045e6e2476d5	\N	Done	\N
26c73890-8eed-4852-8124-49046f6e1b1f	Думай как римский император	{"Дональд Робертсон"}	2	{Стоицизм,Философия}	534	534	Философия	2022-10-30 07:44:39.831873+00	2		2	2022-10-20 14:37:50.266129+00	30	10	2022	20	10	2022	0	\N	\N	\N	Done	\N
68e2ebb4-8a5c-4dff-a150-737cd8755761	Тайные знаки природы	{"Павел Вольлебен"}	1	{Природа,Наука}	0	312	Нон-фикшен	2022-10-30 12:46:35+00	2		2	2022-10-30 07:46:36.788143+00	\N	\N	\N	30	10	2022	0	\N	\N	\N	Done	\N
8c41e31b-ab35-470a-82f9-f0b059309c8d	React. Современные шаблоны для разработки приложений	{"Алекс Бэнкс","Ева Порселло"}	1	{Программирование,"Разработка ПО"}	167	320	Компьютерная литература	2022-11-02 11:56:12.414544+00	1		2	2022-11-02 03:50:56.7594+00	\N	\N	\N	2	11	2022	0	\N	\N	\N	Done	\N
\.


--
-- Data for Name: Collections; Type: TABLE DATA; Schema: public; Owner: bookolog
--

COPY public."Collections" ("Guid", "Name", "Description", "ModifyDate", "CreateDate", "DeleteDate", "CoverId", "UserId") FROM stdin;
017904ad-c274-4aa5-9666-3442496b96dd	Мир смерти		2021-04-24 21:19:22+00	2021-04-30 16:05:14+00	\N	\N	2
01794581-cee4-4cfb-bb2f-3442496b96dd	Современный учебник JavaScript		2021-05-07 11:26:43+00	2021-08-21 08:27:25+00	\N	\N	2
0179461c-5717-4d79-8ac3-3442496b96dd	Работа над ошибками		2021-05-07 14:15:31+00	2021-05-07 14:15:58+00	\N	\N	2
0179d5c0-972b-47e9-8683-3442496b96dd	Кваzи		2021-06-04 11:39:56+00	2021-06-12 19:34:39+00	\N	\N	2
0179274b-984b-4764-aa0c-3442496b96dd	Дозоры		2021-05-01 14:38:52+00	2021-05-20 12:30:56+00	\N	\N	2
017a8ef0-1516-4ec6-ab8a-3442496b96dd	Мир упавшего корабля		2021-07-10 10:42:16+00	2021-07-13 16:05:08+00	\N	\N	2
02bbf997-8766-427d-b0a1-6679dd41b7ef	Эпоха мертвых	История одного зомби-апокалипсиса в Москве	2021-01-16 12:41:20+00	2021-04-24 06:57:44+00	\N	\N	2
0a38be07-8298-4253-9adf-bb2b3bab0e07	Хмель и Клондайк		2021-01-16 13:27:55+00	2022-01-23 14:53:59+00	\N	\N	2
017a281d-f718-4187-ac29-3442496b96dd	Приключения Остапа Бендера		2021-06-20 11:31:30+00	2021-07-02 15:36:29+00	\N	\N	2
0e5930fd-8477-4311-9e00-2eb73bda6fa5	Минипуты		2021-01-17 00:49:02+00	2021-04-19 10:29:45+00	\N	\N	2
0f23501f-9d97-4ca6-9308-eb977ff434e4	Ар-деко		2021-01-16 13:59:18+00	2021-01-16 13:35:00+00	\N	\N	2
177b2b6b-b47e-4487-8c39-37c5208b7728	Достающее звено		2021-02-18 06:19:38+00	2021-02-18 06:17:34+00	\N	\N	2
03ded014-e38c-42d2-a04e-686d0c505210	Метро		2021-01-16 13:25:06+00	2021-04-09 17:30:03+00	\N	\N	2
1ead99ca-5273-4279-a894-5bf7bf151e89	Земля лишних		2021-01-16 13:59:18+00	2021-01-16 13:59:00+00	\N	\N	2
2283c4fa-d331-4f40-906e-e7c604a6f606	Акулы из стали		2021-01-18 21:25:19+00	2021-05-17 19:08:35+00	\N	\N	2
54efbb22-49bd-4fab-879b-b1b94fd77b8f	Приключения Вадима Арсеньева		2022-03-10 20:59:49+00	2022-03-12 09:31:02+00	\N	\N	2
a3404840-2058-4376-976e-ae67c0e9208a	Гарри Поттер		2021-01-16 12:57:16+00	2021-01-16 12:56:58+00	\N	\N	2
79b37ff2-fa2f-49a2-aa92-c41be9202102	Я! Еду! Домой!		2021-01-16 12:43:58+00	2021-08-12 21:52:10+00	\N	\N	2
017c1b10-3473-4a51-8fa4-3442496b96dd	Пост		2021-09-25 08:47:02+00	2021-09-27 08:58:45+00	\N	\N	2
d9bd7f71-4d18-4a77-b9be-1fcc0e1e9c73	Мисс Перегрин		2021-01-16 13:20:47+00	2021-01-16 13:20:30+00	\N	\N	2
fd3f8f8d-c540-4e30-b65a-cbf3f5783aed	S.T.A.L.K.E.R.		2021-01-18 10:23:19+00	2021-01-18 10:23:02+00	\N	\N	2
dbd27743-dcb4-4332-a9d5-c06df90f21b3	Песнь льда и пламени		2021-01-16 13:01:31+00	2021-01-16 13:01:13+00	\N	\N	2
d0910eaf-e7a7-4c72-8ede-6535063c7352	Разведопрос		2021-11-06 20:22:34+00	2021-12-05 00:06:07+00	\N	\N	2
ec963988-87c8-4e26-ba3e-dc1f05421f16	Эркюль Пуаро		2021-01-31 01:07:23+00	2022-03-12 21:34:31+00	\N	\N	21
b7616771-70f4-4c7a-bb78-85c36eab271e	Assassins Creed		2021-01-26 22:48:36+00	2021-09-22 00:57:35+00	\N	\N	21
308a8df0-8809-4dff-938c-3cbacfb6a640	Властелин колец		2021-01-26 22:53:29+00	2021-01-26 22:53:29+00	\N	\N	21
017a2b06-6ae7-4cbe-9720-3442496b96dd	Шерлок Холмс		2021-06-21 01:04:38+00	2021-12-05 00:02:10+00	\N	\N	21
0179520f-7625-45ed-8ff9-3442496b96dd	Бэтмен		2021-05-09 21:56:56+00	2021-09-22 00:57:24+00	\N	\N	21
c39273fd-c77f-4b7d-96d1-2e6d99fe7005	История государства российского		2022-05-09 04:21:51.800387+00	2022-04-17 14:10:39+00	\N	\N	2
d118e7ea-687e-4601-88b3-08bbc5e67b5d	Партизаны		2022-05-12 16:22:16.201305+00	2021-12-28 12:56:20+00	\N	\N	2
ed2af077-13c3-49c7-b657-b2a13c6c6fe0	Ведьмак		2022-10-24 04:04:52.453055+00	2022-03-08 23:49:08+00	\N	\N	21
17ed625b-583e-47f1-83e7-f645dc591fba	Vamos!		2022-10-26 13:59:33.499539+00	2021-06-19 15:23:52+00	\N	\N	2
e9aca114-68ba-4f42-a433-045e6e2476d5	Пламя и кровь		2022-10-31 18:07:13.830448+00	2022-10-27 16:59:54.666653+00	\N	\N	2
9bad4081-1767-4e78-ae41-630c9ea01c18	Гарри Поттер		2022-10-31 20:12:01.810399+00	2022-04-05 18:16:10+00	\N	\N	21
\.


--
-- Data for Name: Files; Type: TABLE DATA; Schema: public; Owner: bookolog
--

COPY public."Files" ("Id", "Name", "Path") FROM stdin;
5	cbmidkib.5h3.jpg	/imageStorage/cbmidkib.5h3.jpg
34	xna34dm2.nve.jpeg	/imageStorage/xna34dm2.nve.jpeg
35	kwwl1eo5.pjj.jpeg	/imageStorage/kwwl1eo5.pjj.jpeg
22	q3b5cken.mei.jpg	/imageStorage/q3b5cken.mei.jpg
\.


--
-- Data for Name: Users; Type: TABLE DATA; Schema: public; Owner: bookolog
--

COPY public."Users" ("Id", "Login", "Email", "PasswordHash", "Salt", "AvatarId") FROM stdin;
10	BiNTurronG 	medvedod009@gmail.com	7950252428e053eebe981dcb7ae55c0f10fd6bc0f17f42969e7796f01acc2752	f1941667422e2bfe092538d50796543fa61cee97459a45d418dbd3c6240fdfac79f3a836670513a320d80c56d44e93ea2856718107a4c3564f424f675a65dafa	\N
12	Eldr est Ist	maxriabokon044@ukr.net	78144501dc8558522b7ac9e527d21ae4fc19d1bdf1d8d5fc9c1f04c40d82686c	75ba419851207b860870be64f49bff259ac32a4f7257acf159ae585d3cab79d61fcff610a033da31a27049b6886fe298ea13c0d05e46b61e0d4f3ea3c81d495c	\N
13	КанZлерЪ	gamerqwazz@gmail.com	34b363ac3ce735eb6bd4739e03034efb6bfb597049a13328072f299180ca0a27	e1d89b0d44cd35afc9cf69e7e556a97b6571750ecbb23157e035449947c37252ae8ef2d14e2bac95d10b5362ea723d00008e7babb2f8012fa6432d0e889c6706	\N
19		shni74@mail.ru	89e350b4ee8d1e696dd979caeca31e26f899a4e603cd078ff89d83c17a34c27c	199f44fe36117f2acf2df0de577f4140ee3e4a8491456bd741815110da6d9f3c8cbf33ffb1b6c99dd44e4d2d04b89f3011ba6f5538a57cd4346cbdb4c06f4f61	\N
14	Maria	mar.perunova@gmail.com	574d651d8026da7a78ee651bffe89f40df52ff5806397ea0622e0c1517a10f56	2bed48cebfc4fe200fd16bfbdad88e45e520776fa7635cb8fbd54c355f11e381d6cfeb0b83cf3721873acffedba0498c33c5c2a3fef26bc79090d3ea78c8c1fd	\N
15	lasertower	lasertower@gmail.com	43fa4832d2b01e71ecdb854dcb2c1efb96e1183164c6abe7fec07e48c56d2f2c	c0863a61e37df8eb001012cd0e5d70054e66dc303e4bfc2bb88863851945102c68cf0114bd987d42bda6c46e353e7aa5a062befebe9b0075890ea95b1973d2ba	\N
16	Plinto	d4u@bk.ru	5b59b7ccd3f4ea6bd48bb1bd2233d102aca50aa5d1807271f323821ba31151fc	4cd26e7cd38bcddf691add3113924b18b727f6222f8bf3828febd8cd23a8a7b47c23e26162a219f5bcf709517ab58f12bfa46762a3180cc1deecede7b2ffbcc1	\N
17	prog300	9793594@gmail.com	86ec495200be9a99b979ed40e7e4f3a611a78d621e06dc2f0f119bfffd0d2f35	67fe8db22c997ce137dd7f89d2b672465152815299e3163c394e88a4709e835972813bb9f257c817946bb040a3c05bf491db4060c8748284e85178de11d77199	\N
11	shadeofclown	walawap@gmail.com	f15727bc3026d8d67e75108714c4199bc9d527bc7e128c804f9365fbc0ddb6df	ba3a70e6784d4731e30025d4340856025a8e04d825bb267d626cda3f0a8bc69259445d7e2139990e3e0687abd5547cd5bb080b2b8e0735ff14f2830b72072757	5
18	nastya	ndvdovina@gmail.com	67b9401f09f3763ef0db84f8a95934d8f44895c4976178e935393fe856c63a8b	1956627d5dd6b6ab8668e3d0261fff9110c0571a94e53a080bcdfb4e0ee0eeb65c74b0b30b1670dcc3a2f8fe0f48dd1bfb61fbcc60402c341b59728fdb689da6	\N
9	ann.fedorenkko17@mail.ru	ann.fedorenkko17@mail.ru	9c9d98718f8169b4b780408e0634feddffb00d45e09499808d4ca02bde20313c	814e40ef221bd9bebc8e68a5ff5fb58458c965b76aa529c32a4f76c149afd68ebae9101e232e1703f7143923e94e124f5376485da5c97adb257dc5d2a418750d	22
2	hrodvitnir	alexshakirov74@gmail.com	69a59ab72f5a62b48b769f00ecaf4abbe803bfb0695cacde8c3a2cc6956e39c9	0307a23c31cfcded6bdce92a4e70a8fd15f6e62c503af9f0a90026f3d7e6e70a842d6c73d49fe62a1774e3e57ef7459ca1c693f32f83f2c80db19230a8d91585	34
21	sunriselink	cfljamtd@gmail.com	09c3cc47da212ea410f366062906139f42f1931476ddf943054664be4188a676	95e71b3e4e839550af1cdf45081430e138d6f8830a3c1ee2aa8be0693bf718e3a464db9c9646a581732684ed6ae39c9df3dbaf59ef127759c83993c3a22b15b8	35
23	Qwe1	ass@per.er	54b3aba116bad5f398c22c8027187f7c4f967fe6b5fd3f8b1a486775b084bd72	60d885c84c7df775cc1e39b5ba864219dc38a419d5608603a3be97f27ed787fb0509a846877bf4f216b2a9bd126a95353456e64b3b9969005181248ee504f7f5	\N
24	test1	test1@test1.test1	f58e0caa7dd22b2a9b3f82cdc344e18cd6612f2d6b7adc0cee5a738b23339bdf	169e50016d970b0c6408016902845596e391d70d042d9867b14d374e385652b31c9ea3dab75603631cd4d9634e7b8153a9bad0308c0dbfe905e8501f60bcd30e	\N
22	Hrust	sparinf@mail.ru	32ba2c337fba99d4929c568b719a51f83026ba270a4593c1e12170901feb8156	c93fcdc14fea05ff6b1c02d087a7427479b76fcb9d036ac9d0c6c02fb364e47354f3962fe1b359dd9e7e95ceb3a094d5f829758abc1747c5d503f1892ad64b07	\N
\.


--
-- Data for Name: __EFMigrationsHistory; Type: TABLE DATA; Schema: public; Owner: bookolog
--

COPY public."__EFMigrationsHistory" ("MigrationId", "ProductVersion") FROM stdin;
20200904184115_init	3.1.7
20200915060053_renamed_id_to_guid	3.1.7
20200915105807_added tz	3.1.7
20200919152247_Added new date fields	3.1.7
20200919155403_Remove old date fields	3.1.7
20200926125227_added year field	3.1.7
20200930132417_added delete date	3.1.7
20201014050620_AddedFileModel	3.1.7
20210110071643_Added_Collection_Model	3.1.7
20210110072927_AddedBook_CollectionRecord_Model	3.1.7
20210110073750_Changed_Key_Types	3.1.7
20210111031718_Added_User_Id_To_Entities	3.1.7
20210113040355_Changed_Order_Requarements	3.1.7
20210114042638_DeletedManyToMany	3.1.7
20210114044059_RenamedColumn	3.1.7
20210115055005_Added_Order_Field	3.1.7
20210116063556_Added delete behaviour	3.1.7
20210130070147_Added_Session_Entity	3.1.7
20210130100837_Added_Fields_To_Session	3.1.7
20210130153013_Added_State_To_Session	3.1.7
20210207064602_Change_Session_Entity	3.1.7
20210207080310_Changed_Session_Entity	3.1.7
20210213073334_AddedProgressTypeToBook	3.1.7
20210311065752_AddedCollectionUserFK	3.1.7
20210316045758_AddedRereadingKey	3.1.7
20210316071033_RenamedRereadingField	3.1.7
20210520035758_BookChangedOrderType	3.1.7
20220501110603_RemovedSessions	3.1.7
\.


--
-- Name: Files_Id_seq; Type: SEQUENCE SET; Schema: public; Owner: bookolog
--

SELECT pg_catalog.setval('public."Files_Id_seq"', 35, true);


--
-- Name: Users_Id_seq; Type: SEQUENCE SET; Schema: public; Owner: bookolog
--

SELECT pg_catalog.setval('public."Users_Id_seq"', 24, true);


--
-- Name: Books PK_Books; Type: CONSTRAINT; Schema: public; Owner: bookolog
--

ALTER TABLE ONLY public."Books"
    ADD CONSTRAINT "PK_Books" PRIMARY KEY ("Guid");


--
-- Name: Collections PK_Collections; Type: CONSTRAINT; Schema: public; Owner: bookolog
--

ALTER TABLE ONLY public."Collections"
    ADD CONSTRAINT "PK_Collections" PRIMARY KEY ("Guid");


--
-- Name: Files PK_Files; Type: CONSTRAINT; Schema: public; Owner: bookolog
--

ALTER TABLE ONLY public."Files"
    ADD CONSTRAINT "PK_Files" PRIMARY KEY ("Id");


--
-- Name: Users PK_Users; Type: CONSTRAINT; Schema: public; Owner: bookolog
--

ALTER TABLE ONLY public."Users"
    ADD CONSTRAINT "PK_Users" PRIMARY KEY ("Id");


--
-- Name: __EFMigrationsHistory PK___EFMigrationsHistory; Type: CONSTRAINT; Schema: public; Owner: bookolog
--

ALTER TABLE ONLY public."__EFMigrationsHistory"
    ADD CONSTRAINT "PK___EFMigrationsHistory" PRIMARY KEY ("MigrationId");


--
-- Name: IX_Books_CollectionGuid; Type: INDEX; Schema: public; Owner: bookolog
--

CREATE INDEX "IX_Books_CollectionGuid" ON public."Books" USING btree ("CollectionGuid");


--
-- Name: IX_Books_RereadingBookGuid; Type: INDEX; Schema: public; Owner: bookolog
--

CREATE INDEX "IX_Books_RereadingBookGuid" ON public."Books" USING btree ("RereadingBookGuid");


--
-- Name: IX_Books_UserId; Type: INDEX; Schema: public; Owner: bookolog
--

CREATE INDEX "IX_Books_UserId" ON public."Books" USING btree ("UserId");


--
-- Name: IX_Collections_CoverId; Type: INDEX; Schema: public; Owner: bookolog
--

CREATE INDEX "IX_Collections_CoverId" ON public."Collections" USING btree ("CoverId");


--
-- Name: IX_Collections_UserId; Type: INDEX; Schema: public; Owner: bookolog
--

CREATE INDEX "IX_Collections_UserId" ON public."Collections" USING btree ("UserId");


--
-- Name: IX_Users_AvatarId; Type: INDEX; Schema: public; Owner: bookolog
--

CREATE INDEX "IX_Users_AvatarId" ON public."Users" USING btree ("AvatarId");


--
-- Name: IX_Users_Email; Type: INDEX; Schema: public; Owner: bookolog
--

CREATE UNIQUE INDEX "IX_Users_Email" ON public."Users" USING btree ("Email");


--
-- Name: IX_Users_Login; Type: INDEX; Schema: public; Owner: bookolog
--

CREATE UNIQUE INDEX "IX_Users_Login" ON public."Users" USING btree ("Login");


--
-- Name: Books FK_Books_Books_RereadingBookGuid; Type: FK CONSTRAINT; Schema: public; Owner: bookolog
--

ALTER TABLE ONLY public."Books"
    ADD CONSTRAINT "FK_Books_Books_RereadingBookGuid" FOREIGN KEY ("RereadingBookGuid") REFERENCES public."Books"("Guid") ON DELETE SET NULL;


--
-- Name: Books FK_Books_Collections_CollectionGuid; Type: FK CONSTRAINT; Schema: public; Owner: bookolog
--

ALTER TABLE ONLY public."Books"
    ADD CONSTRAINT "FK_Books_Collections_CollectionGuid" FOREIGN KEY ("CollectionGuid") REFERENCES public."Collections"("Guid") ON DELETE SET NULL;


--
-- Name: Books FK_Books_Users_UserId; Type: FK CONSTRAINT; Schema: public; Owner: bookolog
--

ALTER TABLE ONLY public."Books"
    ADD CONSTRAINT "FK_Books_Users_UserId" FOREIGN KEY ("UserId") REFERENCES public."Users"("Id") ON DELETE CASCADE;


--
-- Name: Collections FK_Collections_Files_CoverId; Type: FK CONSTRAINT; Schema: public; Owner: bookolog
--

ALTER TABLE ONLY public."Collections"
    ADD CONSTRAINT "FK_Collections_Files_CoverId" FOREIGN KEY ("CoverId") REFERENCES public."Files"("Id") ON DELETE RESTRICT;


--
-- Name: Collections FK_Collections_Users_UserId; Type: FK CONSTRAINT; Schema: public; Owner: bookolog
--

ALTER TABLE ONLY public."Collections"
    ADD CONSTRAINT "FK_Collections_Users_UserId" FOREIGN KEY ("UserId") REFERENCES public."Users"("Id") ON DELETE CASCADE;


--
-- Name: Users FK_Users_Files_AvatarId; Type: FK CONSTRAINT; Schema: public; Owner: bookolog
--

ALTER TABLE ONLY public."Users"
    ADD CONSTRAINT "FK_Users_Files_AvatarId" FOREIGN KEY ("AvatarId") REFERENCES public."Files"("Id") ON DELETE RESTRICT;


--
-- Name: TABLE "Books"; Type: ACL; Schema: public; Owner: bookolog
--

GRANT SELECT ON TABLE public."Books" TO bookolog_readonly;


--
-- Name: TABLE "Users"; Type: ACL; Schema: public; Owner: bookolog
--

GRANT SELECT ON TABLE public."Users" TO bookolog_readonly;


--
-- Name: TABLE "__EFMigrationsHistory"; Type: ACL; Schema: public; Owner: bookolog
--

GRANT SELECT ON TABLE public."__EFMigrationsHistory" TO bookolog_readonly;


--
-- PostgreSQL database dump complete
--

